key	original_anchors	contract_review	verified_rust_entrypoints	authority_distinction	unresolved_reason	owner_issue
source_file:F026	9-23	Includes fifteen parser test files; aggregator has no independent supported-model claim or rejection branch.	NONE_SINGLE_ENTRYPOINT	Julia Test include orchestration, not a C numerical function.	Included child assertions require individual entrypoint and receipt reconciliation; parse_expert_mode_files is not an equivalent aggregator.	#184/#185
source_file:F029	8-25;28-44	Default data has nsite zero and empty families; typed construction preserves nsite4 and three manually appended terms; four namelist pairs preserve order.	crates/mvmc-expert-parsers/src/utils/file.rs:190-198 parse_namelist_content	Typed partial data construction is Julia architecture; not a complete valid C runner input.	Typed constructor field-by-field counterparts and corresponding original-input assertion receipts are not established by the namelist helper alone.	#184
source_file:F034	12-50;53-209	Tests typed ModPara defaults, equals-sign syntax, six-field spin-changing transfers, Coulomb rows, forward/reverse PairHop including self pairs, valued Gutz/Jast shortcuts, and partial orbital content without flags.	crates/mvmc-expert-parsers/src/parsers/trans.rs:20-51 parse_trans_content	Raw convenience payloads and equals-sign/valued shortcuts must not be advertised as complete C definition files. Transfer helper skips invalid site/spin fields and defaults malformed floats; not the same as C loader validation.	Only Transfer counterpart body reviewed here; ModPara, PairHop, valued projection and orbital assertions still require individual counterpart/C-reader review and exact assertion evidence.	#184
source_file:F035	19-66;74-137;145-199	Quadrature n1/n4/n8 and P0..P3; QP arrays for gauss4, gauss1 pass-through, OptTrans outer-product ordering and trigonometric identities.	crates/mvmc-expert-parsers/src/utils/qp_weight.rs:24-80 gauss_legendre/legendre_poly;86-187 init_qp_weight_inplace/update_qp_weight/init_qp_weight	C qp.c:48-82 defines gauss1 pass-through and multi-node indexing i+j*NSPGaussLeg; Julia test atol1e-10 is historical, not a new portable policy.	n8 sin integral and every original OptTrans/trigonometric assertion need source-bound Rust assertion/receipt mapping; nsp<=0 no-op and short coefficient arrays are Rust helper behavior, not proven C-supported inputs.	#184/#180/#234
source_file:F037	7-53	Sparse nine-section widths3,2,0,1,0,4,0,1,0 sum11; global flag indices0/2/10, noncomplex imaginary flags fixed.	crates/mvmc-expert-parsers/src/types.rs:1199-1200 ExpertModeData::count_rbm_parameters;crates/mvmc-expert-parsers/src/utils/opt_flag.rs:146-171 set_rbm_opt_flags	Julia programmatic sparse inference is distinct from C declared definition widths. Rust setter preserves raw integer flags rather than the historical Boolean representation.	Prior sync_modified_parameter mapping is wrong; rbm_section_sizes declared/inferred precedence and literal offsets/flag assertions need separate body/receipt review before equivalence.	#184/#180
source_file:F039	4-35	Two transfer rows retain both spins, including up-to-down; complex values are1.25-.5i and-.75+.125i. Julia convenience spin is derived only from spin1.	crates/mvmc-expert-parsers/src/parsers/trans.rs:20-51 parse_trans_content	Rust has separate typed spin1/spin2, no redundant spin field. C site/spin validation is a loader layer distinct from headerless component parsing.	Exact test assertion mapping and C transfer-reader constraints not fully reviewed; no inferred whole-loader coverage.	#184
source_file:F040	9-81	Regular-file read/info/existence; comment trimming and token splitting; complex literals/two-real forms; safe parsers with caller-specified fallback; cwd-specific path checks.	crates/mvmc-expert-parsers/src/utils/file.rs:77-79 read_def_file;87-128 clean_line/split_def_line/safe_parse_int/safe_parse_float;139-198 safe_parse_complex/parse_namelist_content	Julia utility syntax/fallbacks are not C fscanf acceptance. Rust safe_parse_complex fixes fallback to zero, unlike the Julia caller-supplied complex default.	get_file_info/validate_file_exists direct counterparts not established. Missing complex-default API semantics and cwd-specific tests remain unresolved; existing io::Result reader is not proof of all utility assertions.	#184
source_file:F041	13-151	Typed validation accepts nsite4/nelec2/nlocspin0, in-range sites and valid family arrays; rejects negative particle/site counts and either site outside[0,4). Combined validation composes family errors.	crates/mvmc-expert-parsers/src/utils/validation.rs:18-75 validate_modpara_params;104-206 family validators;437 validate_expert_mode_data	C readdef.c:1551-1562 CheckPairSite delegates bounds; that anchor does not prove every Julia warning/default. Rust typed combined validation adds DH/RBM/Green checks.	Original :both Transfer constructor adaptation, warnings and complete combined-validator body/assertion receipts remain unverified; no full public loader validity from partial typed construction.	#184
source_file:F042	20-31;35-78;80-94	Module imports dependencies, includes optimization/PhysCal/MPI/threading infrastructure, aliases Pfaffian helpers, exports runner/parallel/parameter/initial-file APIs.	crates/mvmc-core/src/lib.rs:22-83 module and re-export table	Julia module aggregation/aliases are API architecture, not vmc_para_opt alone; Rust pure implementation does not require Julia dynamic libraries.	Each export and alias overload must map separately in the300-API ledger; a module row cannot certify availability, MPI behavior or numerical support for all exports.	#184/#185/#182
source_file:F043	31-105;112-181;184-230	1000 timer slots, enabled-type start/stop, inclusive counters/reset/seconds, literal nonzero env policy and parent-or-disabled selection; two ordered reports defaultprefix zvo.	crates/mvmc-core/src/c_timer.rs:16-144 CTimer methods;149-191 TimerEnv	Julia UInt64 timing architecture maps to Rust const-bool timer, wrapping explicit timestamps, and start_diag/stop_diag predicate instead of a singleton-return API. C vmcclock timer layout is authority, not equal elapsed wall time.	Full label-table and timer-callsite coverage/performance remain pending. Runtime clocks cannot be compared as numerical model parity; selected timer tests need explicit receipts rather than module-level PASS.	#184/#182
source_file:F045	24-46	State-only counter reduction is serial no-op; context overload delegates MPI reduction, writing statistics on comm2 root.	crates/mvmc-core/src/counter.rs:11-12 reduce_counter	C vmcmake.c:496-510 MPI_Allreduce then root writeback; Rust reducer backend supplies operation, not vmc_para_opt as the counterpart.	Reducer backend serial/MPI bodies and exact six-statistic versus local status behavior need separately bound worker receipts; file alone has no such tests.	#179/#182/#184
source_file:F065	10-52;56-79;81-84	Analytic P0..P3/endpoint tests, one/five-node quadrature including quartic2/5; includes Slater/helper/unit suites but excludes C integration from this subpackage.	crates/mvmc-core/tests/issue184_integration_tools_contracts.rs:11-85 analytic Legendre/quadrature controls	Julia suite orchestrates tests; no one production entrypoint substitutes for all included files.	Analytic Rust test bodies correspond to the listed original quadrature settings, but no execution is attributed by this audit and all other included children retain individual obligations.	#184
source_file:F067	22-110	Deterministic in-memory RBM and projection builders: two hidden neurons, canonical nine sections, shared-index values, symmetric pair-index table; optional nsite argument used for small tests.	NONE_PRODUCTION_HELPER	Synthetic fixture construction is test architecture, not format_c_double or a C numerical routine. Shared-index consistency is a stated fixture constraint, not enforced rejection code.	Rust test helper equivalents and supported nsite range not established; parameterized nsite can exceed the literal four-element Gutz table. Consumers must be reviewed, not generic helper PASS.	#184
source_file:F068	19-52	Occupancy vector length2*nsite; up/down halves; apply_hop copies input then decrements source and increments destination; nsite is an accessor.	NONE_EXACT_HELPER_ESTABLISHED	Synthetic test-state arithmetic is not formatter or sampler proposal/acceptance API; no checks for invalid/duplicate sites are asserted here.	Matching Rust test builders and source-preserving hop assertions need explicit mapping; do not substitute actual sampler mutation as proof without matching preconditions.	#184
source_file:F070	14-303	Real-only GJ mean shift when eligible; Slater max-amplitude scaling; optional disable-correlation-shift; ParaQPTrans untouched; separate OptTrans norm; DH2/DH4 shifts, flags and ordering with GJ.	crates/mvmc-core/src/sync.rs:18-23 sync_modified_parameter;87-104 sync_modified_parameter_local	C parameter.c:134-175 broadcasts and shifts DH before GJ, rescales Slater, normalizes OptTrans only. Optional shift_correlations is architecture/diagnostic choice; C has no equivalent public keyword.	Delegated parameter_init::sync_modified_parameter DH/flag bodies and all original literal assertions remain to review. Zero-amplitude helper safety cannot be inferred from C division-by-zero behavior.	#184/#180/#234
source_file:F075	22-57;99-323;325-466	Sequential cancellation dot; sampled operator/product correction order; parameter update all duplicate index mappings, DH/OptTrans offsets; direct selected component delta-.75; real CG Wc4 update9.5; analytic matrix/gradient entries.	crates/mvmc-core/src/sr_cg.rs:270-277 sequential_dot;433-499 SampledSrOperator::apply/apply_with_reducer;crates/mvmc-core/src/sr.rs:72/147 stochastic_opt_real/complex;292-320 build_s_g_real(private)	C algorithm is numerical authority; Julia synthetic parameter indexing is1-based versus Rust0-based. build_s_g_real is private, not an exported same-named Julia helper.	Complete CG/direct control/parameter writeback and complex matrix-builder bodies need review against C stcopt source. Operator body read is partial and no solver/trajectory PASS is claimed.	#184/#179/#234
source_file:F077	4-100	Zero EnergyData fields; exact complex/real SR allocation sizes; FSZ adds spin arrays and burn storage; Slater zero dimensions clamp to at leastone in Julia, positive case has inverse paddedstride nsize^2+1.	crates/mvmc-core/src/state.rs:395-479 EnergyData/SROptData;586-620 ElectronConfiguration::zeros;790-817 SlaterMatrixData::zeros	Buffer representations follow Julia design but valid C dimensions/allocation are separate authority. Rust Slater zeros preserves n_qp_full=0, unlike Julia test expectation pf_m.len()==1.	Concrete zero-QP constructor mismatch unresolved; distinguish helper architectural minimum from valid C input before changing implementation. Remaining electron/burn and overflow/boundary assertions lack complete evidence mapping.	#184/#180/#182
source_file:F084	4-52	Real direct normalizes OO prefix size^2 and all HO byWc2 leaving OO tail; context markedMPI withsize1 avoidscollective; CG prefix2*size dividedbyWc4, tail untouched.	crates/mvmc-core/src/average.rs:53-68 weight_average_sr_opt_real	C contiguous OO+HO layout is represented by separate Rust arrays. Rust local function does not take MPI context; caller owns reductions. Tiny-Wc no-op differs from unguarded C and is explicitly not C parity.	Original size1 caller collective skip and active prefixes need bound caller/backend assertions; weight_average_we was an incorrect initial entrypoint for this file.	#184/#179/#182
source_file:F088	16-35	Module exports Pfaffian, LTL real/complex/turbo, utu2 Pfaffian/inverse and separate Fortran/C++ wrappers.	crates/pfapack/src/lib.rs:52-59 module/re-export table	Pure Rust implementations replace external oracle ABI wrappers; wrapper absence cannot be called numerical parity or silently excluded from API scope.	Every export/alias/overload requires its own300-API mapping; utu2inv_complex alone does not establish all module contracts.	#176/#184/#185
source_file:F089	28-74	Two cimpl_utu2inv! overloads accept real/complex column-major matrices, explicit leadingdimensions and1-based pivots, convert pivots toCint and call C++ sharedlibrary, returnnothing.	crates/pfapack/src/utu2.rs:323-340 utu2inv_real/utu2inv_complex	Numerical equivalents are pure-Rust routines with typed SqMat and1-based PivotIndex; no Julia-style dynamic-library wrapper is retained. C++ ABI wrapper is not authoritative mVMC input parser.	Arbitrary AbstractMatrix stride/leadingdimension, pivot narrowing and invalid shape contract are not established by these Rust wrappers; no identical public ABI counterpart claimed.	#176/#184
source_file:F095	1	Package build invokes make in sfmt dependencies; no model execution or RNG value assertion.	NONE_JULIA_BUILD_HOOK	Julia native library build hook intentionally differs from pure Rust Cargo compilation.	Need explicit packaging scope classification and compiler/toolchain evidence if claimed; Sfmt19937Rng is a runtime counterpart, not this build-hook entrypoint.	#177/#184/#185
source_file:F096	1-22	Activates generator project, instantiates Clang, supplies three SFMT headers and emits wrappers from configured options.	NONE_BINDING_GENERATOR	Developer Julia FFI code generator, no required C/Julia dependency in ordinary Rust builds/tests.	GeneratedAPI coverage is separate from generator reproduction; no Rust public generator counterpart established and not silently considered completed.	#177/#184
source_file:F097	1-3	Defines platform dynamic-library suffix and package-relative libsfmt path for generated bindings.	NONE_DYNAMIC_LIBRARY_PROLOGUE	Pure Rust object-owned RNG has no libsfmt loader; this is runtime-linkage architecture, not RNG numerical equivalence.	Julia loader error/library discovery semantics have no identified Rust public equivalent; record intentional architecture scope for approval, not Unsupported numerical model.	#177/#184
source_file:F098	9-136;143-195	C wrapper API covers u32/u64 draw, nonconsuming dump, bulkfill, seed/key seed, identification/minsizes and5conversion/generation families; constants are SFMT19937 parameters.	crates/sfmt19937/src/lib.rs:85-320 Sfmt19937Rng seed/draw/dump/fill/ID methods	Julia calls global Cstate; Rust owns per-instance state. u64 requires even cursor; bulkfill requires exhausted cursor, minimumsize andmultiple4/2; invalid C caller contracts are not new supported inputs.	Pure conversion helpers module exports and bulk64 tail body not fully reviewed here; Cprimitive/header bodies and every low-level overload need independent bindings/receipt mapping, not only seed11272 fivevalues.	#177/#184
source_file:F100	8-80	Seed11272 reseed repeats five real2 draws; UInt32 methods; five fixed C-labelled words/conversions and three-word nonconsuming dump.	crates/sfmt19937/tests/julia_sfmt_assertion_contracts.rs:18-75 four public-Rust controls;crates/sfmt19937/src/lib.rs:110-225 seed/genrand_real2/gen_rand32/dump_rand32	Exact primitive output/conversion is discrete contract; historical integration120/120 prose is not a new runtime receipt or tolerance exemption.	Source assertions directly correspond for these literals, but this audit runsnone; no allRNG/arrayseed/trajectory completion inferred.	#177/#184
source_file:F101	8-19	Heisenbergcomplex example passes bundlednamelist, nsteps/nsmp equal env override default50, modecmp; printsfinalenergy/site.	crates/mvmc-core/src/run.rs:1142-1239 RunConfig/run_para_opt_from_namelist	Julia example default50 is historical; user acceptance baseline20 must explicit bothsteps/window. Rust mode is sanitylabel, not overrideinputmode.	Exact exampleinput closure/seed/C-supported model and numerical/output assertions not validated in this semantic pass; run_para_opt availability is not execution.	#180/#183/#184
source_file:F102	8-19	HeisenbergFSZ example passes bundlednamelist, equalsteps/window envdefault50, modefsz; printsfinalenergy/site.	crates/mvmc-core/src/run.rs:1142-1239 RunConfig/run_para_opt_from_namelist	HistoricalFSZ example must retain its originalinput identity; no newlyverified Julia1.13 or same-input fixture claim from mode string.	FSZ initial overlay/retainedparams/QP/spin/sampler first-divergence and genuine independent missingfixtures remain explicit obligations.	#176/#180/#183/#184
source_file:F103	8-19	Heisenbergreal example usesbundlednamelist, equalsteps/window default50 viaenv, modereal andenergy/site summary.	crates/mvmc-core/src/run.rs:1142-1239 RunConfig/run_para_opt_from_namelist	Rust rejects nonpositive steps/window and oversizedwindow; no arbitrary clamp. Julia envparser error versus Rust config API is architectural distinction.	Exact bundledexample/settings/output reference and primitive/sampling evidence not revalidated; current20 requirement does not erase original50source.	#180/#183/#184
source_file:F104	8-19	Hubbardreal example same lifecycle with its own bundledinputdirectory and equalsteps/window default50.	crates/mvmc-core/src/run.rs:1142-1239 RunConfig/run_para_opt_from_namelist	Input directory differs from historical C first10 and freshcanonical namespaces; no cross-fixture coverage claim.	Complete input/optionalinitial closure and public-path numerical/config/RNG evidence must be bound to this exactexample, not nearbyHubbardmodel.	#180/#183/#184
source_file:F106	9-116	Explicit13 standardfixture/Cmodel/mode mappings and two deferred Lanczos models with reason optimizationrunner does not wirePhysCal path; no steps/window override in this table.	NONE_SINGLE_MODEL_EXECUTION	Inventory/table itself doesnotexecute. Deferred models are different PhysCal entrypoints; current Rust Lanczos support cannot be retroactively inferred from this oldreason.	All13 exactinput/settings/provenance/publicrunner comparisons remain separate; default20 fixture availability and missing independentreferences cannot be reclassified complete by inventory.	#180/#183/#185
source_file:F114	12-119	Comparison helper tests rawbyte exact/fallback flags, perquantity bounds, integer/row/column/value shape rejection, single-line factoredguard, whitespacefallback andmissingfile diagnostics.	crates/mvmc-core/tests/issue184_integration_tools_contracts.rs:88-160 helper-only controls	Not format_c_double productionAPI. Rust helper coversnumeric/index/shape analogs but explicitly not Julia resultflags; identical malformed multiline factoredpairs are not rejected by genericRusthelper.	Concrete schema-specific helper gap remains plus exact/fallback/missingfile result representation; no numericalmodels verified bysyntheticfixtures.	#184/#181
document:MVMCOptimizers.jl/test/README.md	3-5;12-14;16-48	Separates fastsubpackage synthetic tests from workspace Cfixture integration; documents JuliaPkg.test androotintegration commands and specific unitfamilies.	NONE_DOCUMENT_EXECUTION;crates/mvmc-core/tests/issue184_integration_tools_contracts.rs:11-85 bounded quadrature tests	Document claim noexternalfixtures is subprocesssuite scope, not allRustworkspace. Historical bit-levelCprose superseded portablepolicy; ordinaryRustmustnotrunoracle.	Childtestmap/command/profile/refsettings/actualreceipts remain perrow; documented Julia commands were not executed bythisaudit.	#184/#185
document:MVMCOptimizers.jl/test_unit/summary.md	5-45;51-70	Historical2026Feb worklog states25/25 and118/118Julia unitresults with integrationdefaultskip; identifieshelpers andsixunitfiles.	NONE_HISTORICAL_WORKLOG_RUNTIME_ENTRY	These are priorJulia authors' claims, not currentRust receipts or newlyverifiedJulia1.13; no referenceManifest/toolbackend identity is supplied here.	Historicalexecution provenance unavailable in thisdoc; retainclaimswith dates andMissingEvidence ratherthanconvert to currentPASS.	#184
document:README.md	7-14;18-45;53-93	AdvertisesJulia runner/MPI/PhysCal/Lanczos/backflow support with explicit split/CG/FSZ exclusions; install requiresworkspace submodules/tools; exampledefault50.	crates/mvmc-core/src/lib.rs:22-83 exports;crates/mvmc-core/src/run.rs:1142-1239 RunConfig/run_para_opt_from_namelist	Julia feature/rejection table at8bb is historicalarchitecture, not authoritative blanket C or currentRustmatrix. InstallationJuliaPkg.build intentionally not aRustdependency.	Every claimedscenario/API/split setting needs currentRust support/reject assertions/receipts; docs advertisement and generic runner entrypoint cannot prove allfeatures.	#184/#185/#182/#183
document:THIRD_PARTY_LICENSES.md	14-43;47-85;89-99	Listslicense/submodule attribution and fixture origins: optC5e7ea400,PhysCal66f174/622166, nativecompiler/backenddifferentlineages; no executable publicAPI.	NONE_LICENSE_DOCUMENT_API	Licensing/provenance review is nonnumericobligation, not a kernel gate. Fixture documentsinheritlabels ratherthan newly generated Cproof.	License completeness/distribution review and exactRust fixture lineage mapping need ownerapproval; no legal conclusion or runtimePASS inferred.	#184/#185
document:docs/manual/README.md	3-7	Navigation tofiveinstallation/input/optimization/PhysCal/compatibilitychapters; PhysCalmarkedexperimental.	NONE_NAVIGATION_API	Eachlinkedchapter is ownsourceobligation. File has no supported-input predicate or runtime command.	Linkedchapter semantics/evidence must remain ownrows; navigation existence doesnotcertify fullmanualcoverage.	#184/#185
document:examples/README.md	3-26	Fourreal/cmp/FSZ/Hubbardexamples call optimizationrunner; documentsdefault50 equalsteps/window viaenv andestimated runtimes.	crates/mvmc-core/src/run.rs:1177-1182 run_para_opt_from_namelist	Example timingprose is not benchmark/performanceproof; currentacceptance20mustbe explicit notchangehistoricaldoc.	Model-specific inputs/seed/initialsettings andcommandreceipts required for each example; noallfourrun claim inthisaudit.	#180/#183/#184
document:test/integration/reference/README.md	6-71;73-170;172-263	HistoricalnativeCmacOSopt13table/first10orctest2summarystats, PairHopone-step, CGserial/MPI2OpenBLASone-step, sixPhysCalfamilies andtwoLanczosR1fixtures; regenerationcommandsandbackendlineagesgiven.	NONE_SINGLE_REFERENCE_EXECUTION;crates/mvmc-core/tests/ctest_equivalent.rs gate;crates/mvmc-cli/tests/physcal_reference.rs CLI tests	Opt5e7ea400/macarm64gcc15 differs fromPhysCal66f174/622166ClangAccelerate andCGOpenBLAS. Legacy CG~3e-3 allowance inprose is not an approved globalRusttolerance.	Everyfixture needs currentinput/initial/steps/window/hash andreceipt binding;historicalCcteststatisticalcriterion not20prefixdeterministiccoverage. CurrentfourmissingrealFSZrefs/full13/fullMPI obligations remainopen.	#180/#181/#179/#184/#185
