suite	identity	serial_ordinal_of_979	mpi_ordinal_of_981	status
mvmc-expert-parsers	utils::file::tests::safe_parse_complex_julia_literal	720	723	PASS_BOTH
mvmc-expert-parsers	utils::file::tests::safe_parse_complex_real_only	721	722	PASS_BOTH
mvmc-expert-parsers	utils::file::tests::safe_parse_complex_two_reals	722	724	PASS_BOTH
mvmc-expert-parsers::issue184_complex_utility_contracts	complex_utility_default_does_not_change_valid_values	806	808	PASS_BOTH
mvmc-expert-parsers::issue184_complex_utility_contracts	complex_utility_preserves_component_and_exponent_signs	807	809	PASS_BOTH
mvmc-expert-parsers::issue184_complex_utility_contracts	complex_utility_returns_supplied_default_for_invalid_or_surplus_fields	808	810	PASS_BOTH
mvmc-expert-parsers::issue184_strict_complex_utility_contracts	safe_complex_utility_catches_only_the_fallible_boundary	867	869	PASS_BOTH
mvmc-expert-parsers::issue184_strict_complex_utility_contracts	strict_complex_utility_malformed_inputs_return_typed_error	869	870	PASS_BOTH
mvmc-expert-parsers::issue184_strict_complex_utility_contracts	strict_complex_utility_original_i_m0427	870	871	PASS_BOTH
mvmc-expert-parsers::issue184_strict_complex_utility_contracts	strict_complex_utility_original_j_m0429	871	872	PASS_BOTH
mvmc-expert-parsers::issue184_strict_complex_utility_contracts	strict_complex_utility_original_real_m0426	872	873	PASS_BOTH
mvmc-expert-parsers::issue184_strict_complex_utility_contracts	strict_complex_utility_original_two_reals_m0428	873	874	PASS_BOTH
mvmc-expert-parsers::issue184_strict_complex_utility_contracts	strict_complex_utility_zero_is_success_not_parse_failure	875	875	PASS_BOTH
