source	sha256	lines	original_scope	Rust_entrypoint_or_layer	support_and_evidence_limit	owner
CHANGELOG.md	98c1aba7d058aa749678633604ba1fdd8a419fe78adbbbb39e57a19ddae71319	283	Release-history caller scopes: ParaOpt, PhysCal, MPI, threading, rejected branches; older scope not current proof	vmc_para_opt; vmc_phys_cal; Reducer; validate_supported_modpara	SOURCE semantic mapping only; no new runtime PASS. Mixed InterAll sections retained/excluded individually; historical tolerances and counts not adopted. Exact test-condition evidence remains API/scenario owner review.	#180/Pauli #181/Chandra #179/Wegener #182/Banach
MVMCExpertModeParsers.jl/README.md	94f9858ac1163c443c109c7cc113c907a557767909428936a7c2ae8c73ec6068	182	Expert parser; qualified initialization/overlays/QP; no writer	parse_expert_mode_files_with_c_opt_trans; prepare_phys_cal_from_namelist_with_reducer_and_opt_trans	SOURCE semantic mapping only; no new runtime PASS. Mixed InterAll sections retained/excluded individually; historical tolerances and counts not adopted. Exact test-condition evidence remains API/scenario owner review.	#184/Pauli #181/Chandra
MVMCOptimizers.jl/README.md	d077a2103d0be3c63763a4da4182b10d68261becef8664c7bd4acb4a026bbfb7	109	Public lower/upper runner APIs; callbacks; direct/CG MPI; BackFlow rejection	prepare_from_namelist; vmc_para_opt; vmc_phys_cal	SOURCE semantic mapping only; no new runtime PASS. Mixed InterAll sections retained/excluded individually; historical tolerances and counts not adopted. Exact test-condition evidence remains API/scenario owner review.	#180/Pauli #181/Chandra #179/Wegener
MVMCOptimizers.jl/test/README.md	ae3ad6da6ff6358f170eb1477860f2ffb51e595cea8602cf236055d395717b9d	60	Package unit versus workspace independent integrations	state; qp; sampling; stochastic_opt; parameter synchronization	SOURCE semantic mapping only; no new runtime PASS. Mixed InterAll sections retained/excluded individually; historical tolerances and counts not adopted. Exact test-condition evidence remains API/scenario owner review.	#184 domain owners
MVMCOptimizers.jl/test_unit/INDEX.md	4a7758f3f27e166dc4d5390a7c2f4cd3103843ea8ffa23e80b9c92d78f6e2b58	182	Named unit/include contracts, loaders/output/index/layout/unsupported branches	state; observables; io; run; sampling; sr	SOURCE semantic mapping only; no new runtime PASS. Mixed InterAll sections retained/excluded individually; historical tolerances and counts not adopted. Exact test-condition evidence remains API/scenario owner review.	#184 domain owners
MVMCOptimizers.jl/test_unit/plan.md	b3339fef6d0d437b751e8fc523bf4afefd0877c666b9fe45d0b83677342027c3	142	Historical test design; RBM nine-section offsets and projection/sync	sampling; sr; parameter synchronization; Expert parser	SOURCE semantic mapping only; no new runtime PASS. Mixed InterAll sections retained/excluded individually; historical tolerances and counts not adopted. Exact test-condition evidence remains API/scenario owner review.	#184/Pauli #176/Ram
MVMCOptimizers.jl/test_unit/summary.md	1e6e1ee9ae71295c53856fb8be08f798f2b74d6a4f08957b177a0471acec4de1	70	Historical 25/118 Julia test claims only	sr parameter mapping; sampled OO/HO; sampling	SOURCE semantic mapping only; no new runtime PASS. Mixed InterAll sections retained/excluded individually; historical tolerances and counts not adopted. Exact test-condition evidence remains API/scenario owner review.	#184/Pauli
README.md	e1f7ab77f2240cf0ec3434598993afa5e7ee6113af94a45fb51f2a794abae133	93	Top-level supported/rejected architecture, examples, pinned workspace installation	mvmc CLI; vmc_para_opt; vmc_phys_cal; Reducer	SOURCE semantic mapping only; no new runtime PASS. Mixed InterAll sections retained/excluded individually; historical tolerances and counts not adopted. Exact test-condition evidence remains API/scenario owner review.	#183/Pauli #181/Chandra #179/Wegener
THIRD_PARTY_LICENSES.md	a5ad93b3fbe4dcbf6bd84bef5e9ca9628c157a8a96c055d91f2f65dbfb2cee45	99	GPL/BSD/MPL/Fortran fixture licensing and source/fixture distinction	THIRD_PARTY_LICENSES.md; c_toolbox provenance; offline fixture readers	SOURCE semantic mapping only; no new runtime PASS. Mixed InterAll sections retained/excluded individually; historical tolerances and counts not adopted. Exact test-condition evidence remains API/scenario owner review.	#184/Chandra
docs/manual/01_install.md	8e3f1ab07e331e25efcb820345f966ae991fdbf6998448551fbde39a03e28221	101	Clone/native build/runtime setup; historical Julia1.11/1.12 versus required1.13.1	Cargo workspace; optional Julia reference setup; no normal Cargo oracle	SOURCE semantic mapping only; no new runtime PASS. Mixed InterAll sections retained/excluded individually; historical tolerances and counts not adopted. Exact test-condition evidence remains API/scenario owner review.	#183/Pauli
docs/manual/02_input_files.md	8314c3337264967056bcffa9beec1c00500415b3c55738525e345f3949e195b2	96	Expert relative paths; seed/group/init/initial/In* order; DH/RBM/OptTrans	parse_expert_mode_files_with_c_opt_trans; runner preparation; CLI	SOURCE semantic mapping only; no new runtime PASS. Mixed InterAll sections retained/excluded individually; historical tolerances and counts not adopted. Exact test-condition evidence remains API/scenario owner review.	#184/Pauli #179/Wegener
docs/manual/03_optimization.md	41b2671a4573ae5db9d2322adb353658dec6fe46f056e4fa30525384ce70fa08	171	ParaOpt nsteps/nsmp/seed/mode/Auto initial; direct/CG MPI; timer/output	prepare_from_namelist; vmc_para_opt; CLI; Reducer	SOURCE semantic mapping only; no new runtime PASS. Mixed InterAll sections retained/excluded individually; historical tolerances and counts not adopted. Exact test-condition evidence remains API/scenario owner review.	#180/Pauli #179/Wegener #182/Banach
docs/manual/04_physics_calc.md	787ed2424c4c283559191b432f869578003eb9a7de733462e4f52b7c77a43ed4	60	Six PhysCal models, three Green families, DH, FSZ, Lanczos1/2; split rejections	prepare_phys_cal_from_namelist; vmc_phys_cal; actual CLI PhysCal dispatch	SOURCE semantic mapping only; no new runtime PASS. Mixed InterAll sections retained/excluded individually; historical tolerances and counts not adopted. Exact test-condition evidence remains API/scenario owner review.	#181/Chandra #174 #179/Wegener
docs/manual/05_compatibility.md	c4fc7cb266363a41038f1ac5943fc5be8981bc1ac10bbc944330cc11bb1ee24f	177	Function correspondence, historical C references, numerical budgets, threading/rejections	run; sampling; observables; average; sr; Reducer	SOURCE semantic mapping only; no new runtime PASS. Mixed InterAll sections retained/excluded individually; historical tolerances and counts not adopted. Exact test-condition evidence remains API/scenario owner review.	#184 domain owners
docs/manual/README.md	8c7bc19532d4902b1647d6b2c59e81496e462efd7cc9a75f0e44eb6a0bd9e9e9	7	Navigation to five manual chapters, not executable scenario	mapped five manual source rows	SOURCE semantic mapping only; no new runtime PASS. Mixed InterAll sections retained/excluded individually; historical tolerances and counts not adopted. Exact test-condition evidence remains API/scenario owner review.	#184/Chandra
examples/README.md	65f9bb4949063e6064092e55b9a702d23c34961eda3796402608def5824115af	26	Four examples: real/cmp/FSZ Heisenberg16 and Hubbard; steps override	vmc_para_opt public runner; CLI Expert namelist	SOURCE semantic mapping only; no new runtime PASS. Mixed InterAll sections retained/excluded individually; historical tolerances and counts not adopted. Exact test-condition evidence remains API/scenario owner review.	#183/Pauli #180/Pauli
test/integration/reference/README.md	c4e580dc37dd628733374d1a09f3abf2754c626265f52f729ff5e66179e95942	263	Native C macOS lineage;13 ctest models; six PhysCal; PairHop; R1 Lanczos; MPI CG	ctest_equivalent; physcal_issue181; CLI physcal_reference; Reducer	SOURCE semantic mapping only; no new runtime PASS. Mixed InterAll sections retained/excluded individually; historical tolerances and counts not adopted. Exact test-condition evidence remains API/scenario owner review.	#180/Pauli #181/Chandra #179/Wegener
