assertion_id	julia_source_line	original_assertion_condition	rust_exact_test	rust_source_lines	settings_and_api_adaptation	proof	rust_source_sha256	julia_source_sha256	review_limit
M0093	39	@test data.orbital_sgn !== nothing	normal_and_general_orbital_signs_follow_complete_c_reader_contract	67	normal Nsite4 NMP±4 complete16rows; general Nsite2 NMP±2 complete6pairs; sparseoriginal adapted	parent7f29d38b5/5PASS Clippy0; originalfixturescmp0; command cargo nextest run -p mvmc-expert-parsers --test issue184_orbital_qptrans_semantics --locked --no-fail-fast --retries 0	10835405ff3d19cc397e151ab8b4f6d6d0f998ce1fc8d3cea473be22b76cf977	fe430c50c3efd22b3007e93cad377a427fcbedf5bc3b47d446a2ae017e65bd01	leaf condition only; no kernel/fullrunner/fullJuliaAPI equivalence; inverse6 intentionally absent and outside these50; typedVec nonempty follows checkedpositive length
M0094	40	@test size(data.orbital_sgn) == (4, 4)  # n_site x n_site	normal_and_general_orbital_signs_follow_complete_c_reader_contract	67–68	normal Nsite4 NMP±4 complete16rows; general Nsite2 NMP±2 complete6pairs; sparseoriginal adapted	parent7f29d38b5/5PASS Clippy0; originalfixturescmp0; command cargo nextest run -p mvmc-expert-parsers --test issue184_orbital_qptrans_semantics --locked --no-fail-fast --retries 0	10835405ff3d19cc397e151ab8b4f6d6d0f998ce1fc8d3cea473be22b76cf977	fe430c50c3efd22b3007e93cad377a427fcbedf5bc3b47d446a2ae017e65bd01	leaf condition only; no kernel/fullrunner/fullJuliaAPI equivalence; inverse6 intentionally absent and outside these50; typedVec nonempty follows checkedpositive length
M0095	43	@test all(data.orbital_sgn .== 1)	normal_and_general_orbital_signs_follow_complete_c_reader_contract	73	normal Nsite4 NMP±4 complete16rows; general Nsite2 NMP±2 complete6pairs; sparseoriginal adapted	parent7f29d38b5/5PASS Clippy0; originalfixturescmp0; command cargo nextest run -p mvmc-expert-parsers --test issue184_orbital_qptrans_semantics --locked --no-fail-fast --retries 0	10835405ff3d19cc397e151ab8b4f6d6d0f998ce1fc8d3cea473be22b76cf977	fe430c50c3efd22b3007e93cad377a427fcbedf5bc3b47d446a2ae017e65bd01	leaf condition only; no kernel/fullrunner/fullJuliaAPI equivalence; inverse6 intentionally absent and outside these50; typedVec nonempty follows checkedpositive length
M0096	58	@test data2.orbital_sgn !== nothing	normal_and_general_orbital_signs_follow_complete_c_reader_contract	67	normal Nsite4 NMP±4 complete16rows; general Nsite2 NMP±2 complete6pairs; sparseoriginal adapted	parent7f29d38b5/5PASS Clippy0; originalfixturescmp0; command cargo nextest run -p mvmc-expert-parsers --test issue184_orbital_qptrans_semantics --locked --no-fail-fast --retries 0	10835405ff3d19cc397e151ab8b4f6d6d0f998ce1fc8d3cea473be22b76cf977	fe430c50c3efd22b3007e93cad377a427fcbedf5bc3b47d446a2ae017e65bd01	leaf condition only; no kernel/fullrunner/fullJuliaAPI equivalence; inverse6 intentionally absent and outside these50; typedVec nonempty follows checkedpositive length
M0097	59	@test data2.orbital_sgn[1, 1] == 1  # site 0, site 0	normal_and_general_orbital_signs_follow_complete_c_reader_contract	69	normal Nsite4 NMP±4 complete16rows; general Nsite2 NMP±2 complete6pairs; sparseoriginal adapted	parent7f29d38b5/5PASS Clippy0; originalfixturescmp0; command cargo nextest run -p mvmc-expert-parsers --test issue184_orbital_qptrans_semantics --locked --no-fail-fast --retries 0	10835405ff3d19cc397e151ab8b4f6d6d0f998ce1fc8d3cea473be22b76cf977	fe430c50c3efd22b3007e93cad377a427fcbedf5bc3b47d446a2ae017e65bd01	leaf condition only; no kernel/fullrunner/fullJuliaAPI equivalence; inverse6 intentionally absent and outside these50; typedVec nonempty follows checkedpositive length
M0098	60	@test data2.orbital_sgn[1, 2] == -1  # site 0, site 1	normal_and_general_orbital_signs_follow_complete_c_reader_contract	70	normal Nsite4 NMP±4 complete16rows; general Nsite2 NMP±2 complete6pairs; sparseoriginal adapted	parent7f29d38b5/5PASS Clippy0; originalfixturescmp0; command cargo nextest run -p mvmc-expert-parsers --test issue184_orbital_qptrans_semantics --locked --no-fail-fast --retries 0	10835405ff3d19cc397e151ab8b4f6d6d0f998ce1fc8d3cea473be22b76cf977	fe430c50c3efd22b3007e93cad377a427fcbedf5bc3b47d446a2ae017e65bd01	leaf condition only; no kernel/fullrunner/fullJuliaAPI equivalence; inverse6 intentionally absent and outside these50; typedVec nonempty follows checkedpositive length
M0099	61	@test data2.orbital_sgn[2, 3] == 1  # site 1, site 2	normal_and_general_orbital_signs_follow_complete_c_reader_contract	71	normal Nsite4 NMP±4 complete16rows; general Nsite2 NMP±2 complete6pairs; sparseoriginal adapted	parent7f29d38b5/5PASS Clippy0; originalfixturescmp0; command cargo nextest run -p mvmc-expert-parsers --test issue184_orbital_qptrans_semantics --locked --no-fail-fast --retries 0	10835405ff3d19cc397e151ab8b4f6d6d0f998ce1fc8d3cea473be22b76cf977	fe430c50c3efd22b3007e93cad377a427fcbedf5bc3b47d446a2ae017e65bd01	leaf condition only; no kernel/fullrunner/fullJuliaAPI equivalence; inverse6 intentionally absent and outside these50; typedVec nonempty follows checkedpositive length
M0100	85	@test data.orbital_sgn !== nothing	normal_and_general_orbital_signs_follow_complete_c_reader_contract	97	normal Nsite4 NMP±4 complete16rows; general Nsite2 NMP±2 complete6pairs; sparseoriginal adapted	parent7f29d38b5/5PASS Clippy0; originalfixturescmp0; command cargo nextest run -p mvmc-expert-parsers --test issue184_orbital_qptrans_semantics --locked --no-fail-fast --retries 0	10835405ff3d19cc397e151ab8b4f6d6d0f998ce1fc8d3cea473be22b76cf977	fe430c50c3efd22b3007e93cad377a427fcbedf5bc3b47d446a2ae017e65bd01	leaf condition only; no kernel/fullrunner/fullJuliaAPI equivalence; inverse6 intentionally absent and outside these50; typedVec nonempty follows checkedpositive length
M0101	86	@test size(data.orbital_sgn) == (4, 4)  # 2*2 x 2*2	normal_and_general_orbital_signs_follow_complete_c_reader_contract	97–98	normal Nsite4 NMP±4 complete16rows; general Nsite2 NMP±2 complete6pairs; sparseoriginal adapted	parent7f29d38b5/5PASS Clippy0; originalfixturescmp0; command cargo nextest run -p mvmc-expert-parsers --test issue184_orbital_qptrans_semantics --locked --no-fail-fast --retries 0	10835405ff3d19cc397e151ab8b4f6d6d0f998ce1fc8d3cea473be22b76cf977	fe430c50c3efd22b3007e93cad377a427fcbedf5bc3b47d446a2ae017e65bd01	leaf condition only; no kernel/fullrunner/fullJuliaAPI equivalence; inverse6 intentionally absent and outside these50; typedVec nonempty follows checkedpositive length
M0102	90	@test data.orbital_sgn[1, 2] == 1  # I=0, J=1	normal_and_general_orbital_signs_follow_complete_c_reader_contract	99	normal Nsite4 NMP±4 complete16rows; general Nsite2 NMP±2 complete6pairs; sparseoriginal adapted	parent7f29d38b5/5PASS Clippy0; originalfixturescmp0; command cargo nextest run -p mvmc-expert-parsers --test issue184_orbital_qptrans_semantics --locked --no-fail-fast --retries 0	10835405ff3d19cc397e151ab8b4f6d6d0f998ce1fc8d3cea473be22b76cf977	fe430c50c3efd22b3007e93cad377a427fcbedf5bc3b47d446a2ae017e65bd01	leaf condition only; no kernel/fullrunner/fullJuliaAPI equivalence; inverse6 intentionally absent and outside these50; typedVec nonempty follows checkedpositive length
M0103	91	@test data.orbital_sgn[2, 1] == -1  # J=1, I=0	normal_and_general_orbital_signs_follow_complete_c_reader_contract	100	normal Nsite4 NMP±4 complete16rows; general Nsite2 NMP±2 complete6pairs; sparseoriginal adapted	parent7f29d38b5/5PASS Clippy0; originalfixturescmp0; command cargo nextest run -p mvmc-expert-parsers --test issue184_orbital_qptrans_semantics --locked --no-fail-fast --retries 0	10835405ff3d19cc397e151ab8b4f6d6d0f998ce1fc8d3cea473be22b76cf977	fe430c50c3efd22b3007e93cad377a427fcbedf5bc3b47d446a2ae017e65bd01	leaf condition only; no kernel/fullrunner/fullJuliaAPI equivalence; inverse6 intentionally absent and outside these50; typedVec nonempty follows checkedpositive length
M0104	104	@test_skip "Test data directory not found: $TEST_DATA_DIR"	NO_EXECUTABLE_SKIP_ASSERTION	146–149 or163–166 comments/include_str compiletime	original16site orbital256rows64flags NMP4; NElec1vsoriginal8 irrelevant to tested sign leaf	SOURCE_ONLY fixtureavailability policy; no runtime missingpath proof	10835405ff3d19cc397e151ab8b4f6d6d0f998ce1fc8d3cea473be22b76cf977	fe430c50c3efd22b3007e93cad377a427fcbedf5bc3b47d446a2ae017e65bd01	leaf condition only; no kernel/fullrunner/fullJuliaAPI equivalence; inverse6 intentionally absent and outside these50; typedVec nonempty follows checkedpositive length
M0105	110	@test_skip "orbitalidx.def not found in test directory"	NO_EXECUTABLE_SKIP_ASSERTION	146–149 or163–166 comments/include_str compiletime	original16site orbital256rows64flags NMP4; NElec1vsoriginal8 irrelevant to tested sign leaf	SOURCE_ONLY fixtureavailability policy; no runtime missingpath proof	10835405ff3d19cc397e151ab8b4f6d6d0f998ce1fc8d3cea473be22b76cf977	fe430c50c3efd22b3007e93cad377a427fcbedf5bc3b47d446a2ae017e65bd01	leaf condition only; no kernel/fullrunner/fullJuliaAPI equivalence; inverse6 intentionally absent and outside these50; typedVec nonempty follows checkedpositive length
M0106	133	@test data.orbital_sgn !== nothing	original_heisenberg_sixteen_site_orbital_sample_has_periodic_signs	155	original16site orbital256rows64flags NMP4; NElec1vsoriginal8 irrelevant to tested sign leaf	parent7f29d38b5/5PASS Clippy0; originalfixturescmp0; command cargo nextest run -p mvmc-expert-parsers --test issue184_orbital_qptrans_semantics --locked --no-fail-fast --retries 0	10835405ff3d19cc397e151ab8b4f6d6d0f998ce1fc8d3cea473be22b76cf977	fe430c50c3efd22b3007e93cad377a427fcbedf5bc3b47d446a2ae017e65bd01	leaf condition only; no kernel/fullrunner/fullJuliaAPI equivalence; inverse6 intentionally absent and outside these50; typedVec nonempty follows checkedpositive length
M0107	134	@test size(data.orbital_sgn) == (16, 16)  # n_site x n_site	original_heisenberg_sixteen_site_orbital_sample_has_periodic_signs	155–156	original16site orbital256rows64flags NMP4; NElec1vsoriginal8 irrelevant to tested sign leaf	parent7f29d38b5/5PASS Clippy0; originalfixturescmp0; command cargo nextest run -p mvmc-expert-parsers --test issue184_orbital_qptrans_semantics --locked --no-fail-fast --retries 0	10835405ff3d19cc397e151ab8b4f6d6d0f998ce1fc8d3cea473be22b76cf977	fe430c50c3efd22b3007e93cad377a427fcbedf5bc3b47d446a2ae017e65bd01	leaf condition only; no kernel/fullrunner/fullJuliaAPI equivalence; inverse6 intentionally absent and outside these50; typedVec nonempty follows checkedpositive length
M0108	137	@test all(data.orbital_sgn .== 1)	original_heisenberg_sixteen_site_orbital_sample_has_periodic_signs	157	original16site orbital256rows64flags NMP4; NElec1vsoriginal8 irrelevant to tested sign leaf	parent7f29d38b5/5PASS Clippy0; originalfixturescmp0; command cargo nextest run -p mvmc-expert-parsers --test issue184_orbital_qptrans_semantics --locked --no-fail-fast --retries 0	10835405ff3d19cc397e151ab8b4f6d6d0f998ce1fc8d3cea473be22b76cf977	fe430c50c3efd22b3007e93cad377a427fcbedf5bc3b47d446a2ae017e65bd01	leaf condition only; no kernel/fullrunner/fullJuliaAPI equivalence; inverse6 intentionally absent and outside these50; typedVec nonempty follows checkedpositive length
M0109	185	@test !isempty(data.qp_trans)	original_four_site_identity_cyclic_and_default_opttrans_are_loaded	118	Nsite4 NMP2 QP2 identity/cyclic maps weights1,1; defaultOptidentity	parent7f29d38b5/5PASS Clippy0; originalfixturescmp0; command cargo nextest run -p mvmc-expert-parsers --test issue184_orbital_qptrans_semantics --locked --no-fail-fast --retries 0	10835405ff3d19cc397e151ab8b4f6d6d0f998ce1fc8d3cea473be22b76cf977	fe430c50c3efd22b3007e93cad377a427fcbedf5bc3b47d446a2ae017e65bd01	leaf condition only; no kernel/fullrunner/fullJuliaAPI equivalence; inverse6 intentionally absent and outside these50; typedVec nonempty follows checkedpositive length
M0110	186	@test length(data.qp_trans) == 2  # NQPTrans = 2	original_four_site_identity_cyclic_and_default_opttrans_are_loaded	118	Nsite4 NMP2 QP2 identity/cyclic maps weights1,1; defaultOptidentity	parent7f29d38b5/5PASS Clippy0; originalfixturescmp0; command cargo nextest run -p mvmc-expert-parsers --test issue184_orbital_qptrans_semantics --locked --no-fail-fast --retries 0	10835405ff3d19cc397e151ab8b4f6d6d0f998ce1fc8d3cea473be22b76cf977	fe430c50c3efd22b3007e93cad377a427fcbedf5bc3b47d446a2ae017e65bd01	leaf condition only; no kernel/fullrunner/fullJuliaAPI equivalence; inverse6 intentionally absent and outside these50; typedVec nonempty follows checkedpositive length
M0111	187	@test length(data.qp_trans[1]) == 4  # Nsite = 4	original_four_site_identity_cyclic_and_default_opttrans_are_loaded	121–122	Nsite4 NMP2 QP2 identity/cyclic maps weights1,1; defaultOptidentity	parent7f29d38b5/5PASS Clippy0; originalfixturescmp0; command cargo nextest run -p mvmc-expert-parsers --test issue184_orbital_qptrans_semantics --locked --no-fail-fast --retries 0	10835405ff3d19cc397e151ab8b4f6d6d0f998ce1fc8d3cea473be22b76cf977	fe430c50c3efd22b3007e93cad377a427fcbedf5bc3b47d446a2ae017e65bd01	leaf condition only; no kernel/fullrunner/fullJuliaAPI equivalence; inverse6 intentionally absent and outside these50; typedVec nonempty follows checkedpositive length
M0112	188	@test length(data.qp_trans[2]) == 4	original_four_site_identity_cyclic_and_default_opttrans_are_loaded	121–122	Nsite4 NMP2 QP2 identity/cyclic maps weights1,1; defaultOptidentity	parent7f29d38b5/5PASS Clippy0; originalfixturescmp0; command cargo nextest run -p mvmc-expert-parsers --test issue184_orbital_qptrans_semantics --locked --no-fail-fast --retries 0	10835405ff3d19cc397e151ab8b4f6d6d0f998ce1fc8d3cea473be22b76cf977	fe430c50c3efd22b3007e93cad377a427fcbedf5bc3b47d446a2ae017e65bd01	leaf condition only; no kernel/fullrunner/fullJuliaAPI equivalence; inverse6 intentionally absent and outside these50; typedVec nonempty follows checkedpositive length
M0113	192	@test data.qp_trans[1][1] == 0  # site 0 -> 0	original_four_site_identity_cyclic_and_default_opttrans_are_loaded	119	Nsite4 NMP2 QP2 identity/cyclic maps weights1,1; defaultOptidentity	parent7f29d38b5/5PASS Clippy0; originalfixturescmp0; command cargo nextest run -p mvmc-expert-parsers --test issue184_orbital_qptrans_semantics --locked --no-fail-fast --retries 0	10835405ff3d19cc397e151ab8b4f6d6d0f998ce1fc8d3cea473be22b76cf977	fe430c50c3efd22b3007e93cad377a427fcbedf5bc3b47d446a2ae017e65bd01	leaf condition only; no kernel/fullrunner/fullJuliaAPI equivalence; inverse6 intentionally absent and outside these50; typedVec nonempty follows checkedpositive length
M0114	193	@test data.qp_trans[1][2] == 1  # site 1 -> 1	original_four_site_identity_cyclic_and_default_opttrans_are_loaded	119	Nsite4 NMP2 QP2 identity/cyclic maps weights1,1; defaultOptidentity	parent7f29d38b5/5PASS Clippy0; originalfixturescmp0; command cargo nextest run -p mvmc-expert-parsers --test issue184_orbital_qptrans_semantics --locked --no-fail-fast --retries 0	10835405ff3d19cc397e151ab8b4f6d6d0f998ce1fc8d3cea473be22b76cf977	fe430c50c3efd22b3007e93cad377a427fcbedf5bc3b47d446a2ae017e65bd01	leaf condition only; no kernel/fullrunner/fullJuliaAPI equivalence; inverse6 intentionally absent and outside these50; typedVec nonempty follows checkedpositive length
M0115	194	@test data.qp_trans[1][3] == 2  # site 2 -> 2	original_four_site_identity_cyclic_and_default_opttrans_are_loaded	119	Nsite4 NMP2 QP2 identity/cyclic maps weights1,1; defaultOptidentity	parent7f29d38b5/5PASS Clippy0; originalfixturescmp0; command cargo nextest run -p mvmc-expert-parsers --test issue184_orbital_qptrans_semantics --locked --no-fail-fast --retries 0	10835405ff3d19cc397e151ab8b4f6d6d0f998ce1fc8d3cea473be22b76cf977	fe430c50c3efd22b3007e93cad377a427fcbedf5bc3b47d446a2ae017e65bd01	leaf condition only; no kernel/fullrunner/fullJuliaAPI equivalence; inverse6 intentionally absent and outside these50; typedVec nonempty follows checkedpositive length
M0116	195	@test data.qp_trans[1][4] == 3  # site 3 -> 3	original_four_site_identity_cyclic_and_default_opttrans_are_loaded	119	Nsite4 NMP2 QP2 identity/cyclic maps weights1,1; defaultOptidentity	parent7f29d38b5/5PASS Clippy0; originalfixturescmp0; command cargo nextest run -p mvmc-expert-parsers --test issue184_orbital_qptrans_semantics --locked --no-fail-fast --retries 0	10835405ff3d19cc397e151ab8b4f6d6d0f998ce1fc8d3cea473be22b76cf977	fe430c50c3efd22b3007e93cad377a427fcbedf5bc3b47d446a2ae017e65bd01	leaf condition only; no kernel/fullrunner/fullJuliaAPI equivalence; inverse6 intentionally absent and outside these50; typedVec nonempty follows checkedpositive length
M0117	198	@test data.qp_trans[2][1] == 1  # site 0 -> 1	original_four_site_identity_cyclic_and_default_opttrans_are_loaded	120	Nsite4 NMP2 QP2 identity/cyclic maps weights1,1; defaultOptidentity	parent7f29d38b5/5PASS Clippy0; originalfixturescmp0; command cargo nextest run -p mvmc-expert-parsers --test issue184_orbital_qptrans_semantics --locked --no-fail-fast --retries 0	10835405ff3d19cc397e151ab8b4f6d6d0f998ce1fc8d3cea473be22b76cf977	fe430c50c3efd22b3007e93cad377a427fcbedf5bc3b47d446a2ae017e65bd01	leaf condition only; no kernel/fullrunner/fullJuliaAPI equivalence; inverse6 intentionally absent and outside these50; typedVec nonempty follows checkedpositive length
M0118	199	@test data.qp_trans[2][2] == 2  # site 1 -> 2	original_four_site_identity_cyclic_and_default_opttrans_are_loaded	120	Nsite4 NMP2 QP2 identity/cyclic maps weights1,1; defaultOptidentity	parent7f29d38b5/5PASS Clippy0; originalfixturescmp0; command cargo nextest run -p mvmc-expert-parsers --test issue184_orbital_qptrans_semantics --locked --no-fail-fast --retries 0	10835405ff3d19cc397e151ab8b4f6d6d0f998ce1fc8d3cea473be22b76cf977	fe430c50c3efd22b3007e93cad377a427fcbedf5bc3b47d446a2ae017e65bd01	leaf condition only; no kernel/fullrunner/fullJuliaAPI equivalence; inverse6 intentionally absent and outside these50; typedVec nonempty follows checkedpositive length
M0119	200	@test data.qp_trans[2][3] == 3  # site 2 -> 3	original_four_site_identity_cyclic_and_default_opttrans_are_loaded	120	Nsite4 NMP2 QP2 identity/cyclic maps weights1,1; defaultOptidentity	parent7f29d38b5/5PASS Clippy0; originalfixturescmp0; command cargo nextest run -p mvmc-expert-parsers --test issue184_orbital_qptrans_semantics --locked --no-fail-fast --retries 0	10835405ff3d19cc397e151ab8b4f6d6d0f998ce1fc8d3cea473be22b76cf977	fe430c50c3efd22b3007e93cad377a427fcbedf5bc3b47d446a2ae017e65bd01	leaf condition only; no kernel/fullrunner/fullJuliaAPI equivalence; inverse6 intentionally absent and outside these50; typedVec nonempty follows checkedpositive length
M0120	201	@test data.qp_trans[2][4] == 0  # site 3 -> 0	original_four_site_identity_cyclic_and_default_opttrans_are_loaded	120	Nsite4 NMP2 QP2 identity/cyclic maps weights1,1; defaultOptidentity	parent7f29d38b5/5PASS Clippy0; originalfixturescmp0; command cargo nextest run -p mvmc-expert-parsers --test issue184_orbital_qptrans_semantics --locked --no-fail-fast --retries 0	10835405ff3d19cc397e151ab8b4f6d6d0f998ce1fc8d3cea473be22b76cf977	fe430c50c3efd22b3007e93cad377a427fcbedf5bc3b47d446a2ae017e65bd01	leaf condition only; no kernel/fullrunner/fullJuliaAPI equivalence; inverse6 intentionally absent and outside these50; typedVec nonempty follows checkedpositive length
M0124	210	@test !isempty(data.qp_trans_sgn)	original_four_site_identity_cyclic_and_default_opttrans_are_loaded	118,123	Nsite4 NMP2 QP2 identity/cyclic maps weights1,1; defaultOptidentity	parent7f29d38b5/5PASS Clippy0; originalfixturescmp0; command cargo nextest run -p mvmc-expert-parsers --test issue184_orbital_qptrans_semantics --locked --no-fail-fast --retries 0	10835405ff3d19cc397e151ab8b4f6d6d0f998ce1fc8d3cea473be22b76cf977	fe430c50c3efd22b3007e93cad377a427fcbedf5bc3b47d446a2ae017e65bd01	leaf condition only; no kernel/fullrunner/fullJuliaAPI equivalence; inverse6 intentionally absent and outside these50; typedVec nonempty follows checkedpositive length
M0125	211	@test length(data.qp_trans_sgn) == 2	original_four_site_identity_cyclic_and_default_opttrans_are_loaded	118,123	Nsite4 NMP2 QP2 identity/cyclic maps weights1,1; defaultOptidentity	parent7f29d38b5/5PASS Clippy0; originalfixturescmp0; command cargo nextest run -p mvmc-expert-parsers --test issue184_orbital_qptrans_semantics --locked --no-fail-fast --retries 0	10835405ff3d19cc397e151ab8b4f6d6d0f998ce1fc8d3cea473be22b76cf977	fe430c50c3efd22b3007e93cad377a427fcbedf5bc3b47d446a2ae017e65bd01	leaf condition only; no kernel/fullrunner/fullJuliaAPI equivalence; inverse6 intentionally absent and outside these50; typedVec nonempty follows checkedpositive length
M0126	213	@test all(data.qp_trans_sgn[1] .== 1)	original_four_site_identity_cyclic_and_default_opttrans_are_loaded	121–123	Nsite4 NMP2 QP2 identity/cyclic maps weights1,1; defaultOptidentity	parent7f29d38b5/5PASS Clippy0; originalfixturescmp0; command cargo nextest run -p mvmc-expert-parsers --test issue184_orbital_qptrans_semantics --locked --no-fail-fast --retries 0	10835405ff3d19cc397e151ab8b4f6d6d0f998ce1fc8d3cea473be22b76cf977	fe430c50c3efd22b3007e93cad377a427fcbedf5bc3b47d446a2ae017e65bd01	leaf condition only; no kernel/fullrunner/fullJuliaAPI equivalence; inverse6 intentionally absent and outside these50; typedVec nonempty follows checkedpositive length
M0127	214	@test all(data.qp_trans_sgn[2] .== 1)	original_four_site_identity_cyclic_and_default_opttrans_are_loaded	121–123	Nsite4 NMP2 QP2 identity/cyclic maps weights1,1; defaultOptidentity	parent7f29d38b5/5PASS Clippy0; originalfixturescmp0; command cargo nextest run -p mvmc-expert-parsers --test issue184_orbital_qptrans_semantics --locked --no-fail-fast --retries 0	10835405ff3d19cc397e151ab8b4f6d6d0f998ce1fc8d3cea473be22b76cf977	fe430c50c3efd22b3007e93cad377a427fcbedf5bc3b47d446a2ae017e65bd01	leaf condition only; no kernel/fullrunner/fullJuliaAPI equivalence; inverse6 intentionally absent and outside these50; typedVec nonempty follows checkedpositive length
M0128	217	@test !isempty(data.qp_opt_trans)	original_four_site_identity_cyclic_and_default_opttrans_are_loaded	128	Nsite4 NMP2 QP2 identity/cyclic maps weights1,1; defaultOptidentity	parent7f29d38b5/5PASS Clippy0; originalfixturescmp0; command cargo nextest run -p mvmc-expert-parsers --test issue184_orbital_qptrans_semantics --locked --no-fail-fast --retries 0	10835405ff3d19cc397e151ab8b4f6d6d0f998ce1fc8d3cea473be22b76cf977	fe430c50c3efd22b3007e93cad377a427fcbedf5bc3b47d446a2ae017e65bd01	leaf condition only; no kernel/fullrunner/fullJuliaAPI equivalence; inverse6 intentionally absent and outside these50; typedVec nonempty follows checkedpositive length
M0129	218	@test length(data.qp_opt_trans) == 1  # NQPOptTrans = 1	original_four_site_identity_cyclic_and_default_opttrans_are_loaded	128	Nsite4 NMP2 QP2 identity/cyclic maps weights1,1; defaultOptidentity	parent7f29d38b5/5PASS Clippy0; originalfixturescmp0; command cargo nextest run -p mvmc-expert-parsers --test issue184_orbital_qptrans_semantics --locked --no-fail-fast --retries 0	10835405ff3d19cc397e151ab8b4f6d6d0f998ce1fc8d3cea473be22b76cf977	fe430c50c3efd22b3007e93cad377a427fcbedf5bc3b47d446a2ae017e65bd01	leaf condition only; no kernel/fullrunner/fullJuliaAPI equivalence; inverse6 intentionally absent and outside these50; typedVec nonempty follows checkedpositive length
M0130	219	@test data.qp_opt_trans[1] == [0, 1, 2, 3]  # Identity mapping	original_four_site_identity_cyclic_and_default_opttrans_are_loaded	129	Nsite4 NMP2 QP2 identity/cyclic maps weights1,1; defaultOptidentity	parent7f29d38b5/5PASS Clippy0; originalfixturescmp0; command cargo nextest run -p mvmc-expert-parsers --test issue184_orbital_qptrans_semantics --locked --no-fail-fast --retries 0	10835405ff3d19cc397e151ab8b4f6d6d0f998ce1fc8d3cea473be22b76cf977	fe430c50c3efd22b3007e93cad377a427fcbedf5bc3b47d446a2ae017e65bd01	leaf condition only; no kernel/fullrunner/fullJuliaAPI equivalence; inverse6 intentionally absent and outside these50; typedVec nonempty follows checkedpositive length
M0131	235	@test_skip "Test data directory not found: $TEST_DATA_DIR"	NO_EXECUTABLE_SKIP_ASSERTION	146–149 or163–166 comments/include_str compiletime	originalNsite16 NMP4 QP4; M140 expands4signvectors×16entries; defaultidentity0..15	SOURCE_ONLY fixtureavailability policy; no runtime missingpath proof	10835405ff3d19cc397e151ab8b4f6d6d0f998ce1fc8d3cea473be22b76cf977	fe430c50c3efd22b3007e93cad377a427fcbedf5bc3b47d446a2ae017e65bd01	leaf condition only; no kernel/fullrunner/fullJuliaAPI equivalence; inverse6 intentionally absent and outside these50; typedVec nonempty follows checkedpositive length
M0132	241	@test_skip "qptransidx.def not found in test directory"	NO_EXECUTABLE_SKIP_ASSERTION	146–149 or163–166 comments/include_str compiletime	originalNsite16 NMP4 QP4; M140 expands4signvectors×16entries; defaultidentity0..15	SOURCE_ONLY fixtureavailability policy; no runtime missingpath proof	10835405ff3d19cc397e151ab8b4f6d6d0f998ce1fc8d3cea473be22b76cf977	fe430c50c3efd22b3007e93cad377a427fcbedf5bc3b47d446a2ae017e65bd01	leaf condition only; no kernel/fullrunner/fullJuliaAPI equivalence; inverse6 intentionally absent and outside these50; typedVec nonempty follows checkedpositive length
M0133	256	@test !isempty(data.qp_trans)	original_heisenberg_sixteen_site_translation_sample_and_default_identity	170	originalNsite16 NMP4 QP4; M140 expands4signvectors×16entries; defaultidentity0..15	parent7f29d38b5/5PASS Clippy0; originalfixturescmp0; command cargo nextest run -p mvmc-expert-parsers --test issue184_orbital_qptrans_semantics --locked --no-fail-fast --retries 0	10835405ff3d19cc397e151ab8b4f6d6d0f998ce1fc8d3cea473be22b76cf977	fe430c50c3efd22b3007e93cad377a427fcbedf5bc3b47d446a2ae017e65bd01	leaf condition only; no kernel/fullrunner/fullJuliaAPI equivalence; inverse6 intentionally absent and outside these50; typedVec nonempty follows checkedpositive length
M0134	257	@test length(data.qp_trans) == 4  # NQPTrans = 4	original_heisenberg_sixteen_site_translation_sample_and_default_identity	170	originalNsite16 NMP4 QP4; M140 expands4signvectors×16entries; defaultidentity0..15	parent7f29d38b5/5PASS Clippy0; originalfixturescmp0; command cargo nextest run -p mvmc-expert-parsers --test issue184_orbital_qptrans_semantics --locked --no-fail-fast --retries 0	10835405ff3d19cc397e151ab8b4f6d6d0f998ce1fc8d3cea473be22b76cf977	fe430c50c3efd22b3007e93cad377a427fcbedf5bc3b47d446a2ae017e65bd01	leaf condition only; no kernel/fullrunner/fullJuliaAPI equivalence; inverse6 intentionally absent and outside these50; typedVec nonempty follows checkedpositive length
M0135	258	@test length(data.qp_trans[1]) == 16  # Nsite = 16	original_heisenberg_sixteen_site_translation_sample_and_default_identity	171–172	originalNsite16 NMP4 QP4; M140 expands4signvectors×16entries; defaultidentity0..15	parent7f29d38b5/5PASS Clippy0; originalfixturescmp0; command cargo nextest run -p mvmc-expert-parsers --test issue184_orbital_qptrans_semantics --locked --no-fail-fast --retries 0	10835405ff3d19cc397e151ab8b4f6d6d0f998ce1fc8d3cea473be22b76cf977	fe430c50c3efd22b3007e93cad377a427fcbedf5bc3b47d446a2ae017e65bd01	leaf condition only; no kernel/fullrunner/fullJuliaAPI equivalence; inverse6 intentionally absent and outside these50; typedVec nonempty follows checkedpositive length
M0138	265	@test !isempty(data.qp_trans_sgn)	original_heisenberg_sixteen_site_translation_sample_and_default_identity	170,173	originalNsite16 NMP4 QP4; M140 expands4signvectors×16entries; defaultidentity0..15	parent7f29d38b5/5PASS Clippy0; originalfixturescmp0; command cargo nextest run -p mvmc-expert-parsers --test issue184_orbital_qptrans_semantics --locked --no-fail-fast --retries 0	10835405ff3d19cc397e151ab8b4f6d6d0f998ce1fc8d3cea473be22b76cf977	fe430c50c3efd22b3007e93cad377a427fcbedf5bc3b47d446a2ae017e65bd01	leaf condition only; no kernel/fullrunner/fullJuliaAPI equivalence; inverse6 intentionally absent and outside these50; typedVec nonempty follows checkedpositive length
M0139	266	@test length(data.qp_trans_sgn) == 4	original_heisenberg_sixteen_site_translation_sample_and_default_identity	170,173	originalNsite16 NMP4 QP4; M140 expands4signvectors×16entries; defaultidentity0..15	parent7f29d38b5/5PASS Clippy0; originalfixturescmp0; command cargo nextest run -p mvmc-expert-parsers --test issue184_orbital_qptrans_semantics --locked --no-fail-fast --retries 0	10835405ff3d19cc397e151ab8b4f6d6d0f998ce1fc8d3cea473be22b76cf977	fe430c50c3efd22b3007e93cad377a427fcbedf5bc3b47d446a2ae017e65bd01	leaf condition only; no kernel/fullrunner/fullJuliaAPI equivalence; inverse6 intentionally absent and outside these50; typedVec nonempty follows checkedpositive length
M0140	270	@test all(data.qp_trans_sgn[mpidx] .== 1)	original_heisenberg_sixteen_site_translation_sample_and_default_identity	171–174	originalNsite16 NMP4 QP4; M140 expands4signvectors×16entries; defaultidentity0..15	parent7f29d38b5/5PASS Clippy0; originalfixturescmp0; command cargo nextest run -p mvmc-expert-parsers --test issue184_orbital_qptrans_semantics --locked --no-fail-fast --retries 0	10835405ff3d19cc397e151ab8b4f6d6d0f998ce1fc8d3cea473be22b76cf977	fe430c50c3efd22b3007e93cad377a427fcbedf5bc3b47d446a2ae017e65bd01	leaf condition only; no kernel/fullrunner/fullJuliaAPI equivalence; inverse6 intentionally absent and outside these50; typedVec nonempty follows checkedpositive length
M0142	284	@test !isempty(data.qp_opt_trans)	original_heisenberg_sixteen_site_translation_sample_and_default_identity	177	originalNsite16 NMP4 QP4; M140 expands4signvectors×16entries; defaultidentity0..15	parent7f29d38b5/5PASS Clippy0; originalfixturescmp0; command cargo nextest run -p mvmc-expert-parsers --test issue184_orbital_qptrans_semantics --locked --no-fail-fast --retries 0	10835405ff3d19cc397e151ab8b4f6d6d0f998ce1fc8d3cea473be22b76cf977	fe430c50c3efd22b3007e93cad377a427fcbedf5bc3b47d446a2ae017e65bd01	leaf condition only; no kernel/fullrunner/fullJuliaAPI equivalence; inverse6 intentionally absent and outside these50; typedVec nonempty follows checkedpositive length
M0143	285	@test length(data.qp_opt_trans) == 1	original_heisenberg_sixteen_site_translation_sample_and_default_identity	177	originalNsite16 NMP4 QP4; M140 expands4signvectors×16entries; defaultidentity0..15	parent7f29d38b5/5PASS Clippy0; originalfixturescmp0; command cargo nextest run -p mvmc-expert-parsers --test issue184_orbital_qptrans_semantics --locked --no-fail-fast --retries 0	10835405ff3d19cc397e151ab8b4f6d6d0f998ce1fc8d3cea473be22b76cf977	fe430c50c3efd22b3007e93cad377a427fcbedf5bc3b47d446a2ae017e65bd01	leaf condition only; no kernel/fullrunner/fullJuliaAPI equivalence; inverse6 intentionally absent and outside these50; typedVec nonempty follows checkedpositive length
M0144	286	@test data.qp_opt_trans[1] == collect(0:15)  # Identity mapping: [0, 1, 2, ..., 15]	original_heisenberg_sixteen_site_translation_sample_and_default_identity	178	originalNsite16 NMP4 QP4; M140 expands4signvectors×16entries; defaultidentity0..15	parent7f29d38b5/5PASS Clippy0; originalfixturescmp0; command cargo nextest run -p mvmc-expert-parsers --test issue184_orbital_qptrans_semantics --locked --no-fail-fast --retries 0	10835405ff3d19cc397e151ab8b4f6d6d0f998ce1fc8d3cea473be22b76cf977	fe430c50c3efd22b3007e93cad377a427fcbedf5bc3b47d446a2ae017e65bd01	leaf condition only; no kernel/fullrunner/fullJuliaAPI equivalence; inverse6 intentionally absent and outside these50; typedVec nonempty follows checkedpositive length
M0145	326	@test data.qp_trans_sgn[1][1] == -1  # site 0 -> sign -1	original_antiperiodic_cyclic_input_preserves_all_four_signs	141	Nsite4 NMP-4 QP1 cyclic signs[-1,1,-1,1]	parent7f29d38b5/5PASS Clippy0; originalfixturescmp0; command cargo nextest run -p mvmc-expert-parsers --test issue184_orbital_qptrans_semantics --locked --no-fail-fast --retries 0	10835405ff3d19cc397e151ab8b4f6d6d0f998ce1fc8d3cea473be22b76cf977	fe430c50c3efd22b3007e93cad377a427fcbedf5bc3b47d446a2ae017e65bd01	leaf condition only; no kernel/fullrunner/fullJuliaAPI equivalence; inverse6 intentionally absent and outside these50; typedVec nonempty follows checkedpositive length
M0146	327	@test data.qp_trans_sgn[1][2] == 1   # site 1 -> sign 1	original_antiperiodic_cyclic_input_preserves_all_four_signs	141	Nsite4 NMP-4 QP1 cyclic signs[-1,1,-1,1]	parent7f29d38b5/5PASS Clippy0; originalfixturescmp0; command cargo nextest run -p mvmc-expert-parsers --test issue184_orbital_qptrans_semantics --locked --no-fail-fast --retries 0	10835405ff3d19cc397e151ab8b4f6d6d0f998ce1fc8d3cea473be22b76cf977	fe430c50c3efd22b3007e93cad377a427fcbedf5bc3b47d446a2ae017e65bd01	leaf condition only; no kernel/fullrunner/fullJuliaAPI equivalence; inverse6 intentionally absent and outside these50; typedVec nonempty follows checkedpositive length
M0147	328	@test data.qp_trans_sgn[1][3] == -1  # site 2 -> sign -1	original_antiperiodic_cyclic_input_preserves_all_four_signs	141	Nsite4 NMP-4 QP1 cyclic signs[-1,1,-1,1]	parent7f29d38b5/5PASS Clippy0; originalfixturescmp0; command cargo nextest run -p mvmc-expert-parsers --test issue184_orbital_qptrans_semantics --locked --no-fail-fast --retries 0	10835405ff3d19cc397e151ab8b4f6d6d0f998ce1fc8d3cea473be22b76cf977	fe430c50c3efd22b3007e93cad377a427fcbedf5bc3b47d446a2ae017e65bd01	leaf condition only; no kernel/fullrunner/fullJuliaAPI equivalence; inverse6 intentionally absent and outside these50; typedVec nonempty follows checkedpositive length
M0148	329	@test data.qp_trans_sgn[1][4] == 1   # site 3 -> sign 1	original_antiperiodic_cyclic_input_preserves_all_four_signs	141	Nsite4 NMP-4 QP1 cyclic signs[-1,1,-1,1]	parent7f29d38b5/5PASS Clippy0; originalfixturescmp0; command cargo nextest run -p mvmc-expert-parsers --test issue184_orbital_qptrans_semantics --locked --no-fail-fast --retries 0	10835405ff3d19cc397e151ab8b4f6d6d0f998ce1fc8d3cea473be22b76cf977	fe430c50c3efd22b3007e93cad377a427fcbedf5bc3b47d446a2ae017e65bd01	leaf condition only; no kernel/fullrunner/fullJuliaAPI equivalence; inverse6 intentionally absent and outside these50; typedVec nonempty follows checkedpositive length
