id	julia_path	julia_line	julia_source_sha256	assertion	setting_key	rust_named_candidate	review_status	proof_boundary_or_gap
M0518	MVMCOptimizers.jl/test_unit/test_unit_parallel.jl	35	a2b582f61dc981c318f817fc0575cfadfdb8c93e34c5679aeaf7fdae48be5050	@test qp_split_range(4, fake_serial) == (1, 5)	QPRANGE	mpi_issue179_mapping::issue179_group_width_endpoints	RELATED_NOT_EQUIVALENT	Live mapping spans widths/QP lengths1/5; exact Julia length4 fake-context literals not asserted individually.
M0519	MVMCOptimizers.jl/test_unit/test_unit_parallel.jl	41	a2b582f61dc981c318f817fc0575cfadfdb8c93e34c5679aeaf7fdae48be5050	@test qp_split_range(4, ctx0) == (1, 3)	QPRANGE	mpi_issue179_mapping::issue179_group_width_endpoints	RELATED_NOT_EQUIVALENT	Live mapping spans widths/QP lengths1/5; exact Julia length4 fake-context literals not asserted individually.
M0520	MVMCOptimizers.jl/test_unit/test_unit_parallel.jl	42	a2b582f61dc981c318f817fc0575cfadfdb8c93e34c5679aeaf7fdae48be5050	@test qp_split_range(4, ctx1) == (3, 5)	QPRANGE	mpi_issue179_mapping::issue179_group_width_endpoints	RELATED_NOT_EQUIVALENT	Live mapping spans widths/QP lengths1/5; exact Julia length4 fake-context literals not asserted individually.
M0521	MVMCOptimizers.jl/test_unit/test_unit_parallel.jl	46	a2b582f61dc981c318f817fc0575cfadfdb8c93e34c5679aeaf7fdae48be5050	@test qp_split_range(1, empty_ctx) == (2, 2)	QPRANGE	mpi_issue179_mapping::issue179_group_width_endpoints	RELATED_NOT_EQUIVALENT	Live mapping spans widths/QP lengths1/5; exact Julia length4 fake-context literals not asserted individually.
M0522	MVMCOptimizers.jl/test_unit/test_unit_parallel.jl	58	a2b582f61dc981c318f817fc0575cfadfdb8c93e34c5679aeaf7fdae48be5050	@test [div(r, 2) for r in 0:2] == [0, 0, 1]	GROUP3WIDTH2	parallel::assigns_group_width_including_uneven_and_oversized_widths	SOURCE_MATCH_NOT_RUN	C group arithmetic; current gate execution not attributed to this exact three-rank array.
M0523	MVMCOptimizers.jl/test_unit/test_unit_parallel.jl	66	a2b582f61dc981c318f817fc0575cfadfdb8c93e34c5679aeaf7fdae48be5050	@test ctx.is_mpi == false	SERIALCTX	SingleProcessReducer; reducer::single_process_reducer_is_a_no_op	API_DIFFERENCE_OR_GAP	Rust trait has no nullable communicator fields; rank/world identity test exists; group/local/cross field assertion needs architectural mapping.
M0524	MVMCOptimizers.jl/test_unit/test_unit_parallel.jl	67	a2b582f61dc981c318f817fc0575cfadfdb8c93e34c5679aeaf7fdae48be5050	@test ctx.comm0 === nothing && ctx.comm1 === nothing && ctx.comm2 === nothing	SERIALCTX	SingleProcessReducer; reducer::single_process_reducer_is_a_no_op	API_DIFFERENCE_OR_GAP	Rust trait has no nullable communicator fields; rank/world identity test exists; group/local/cross field assertion needs architectural mapping.
M0525	MVMCOptimizers.jl/test_unit/test_unit_parallel.jl	68	a2b582f61dc981c318f817fc0575cfadfdb8c93e34c5679aeaf7fdae48be5050	@test (ctx.rank0, ctx.size0) == (0, 1)	SERIALCTX	SingleProcessReducer; reducer::single_process_reducer_is_a_no_op	API_DIFFERENCE_OR_GAP	Rust trait has no nullable communicator fields; rank/world identity test exists; group/local/cross field assertion needs architectural mapping.
M0526	MVMCOptimizers.jl/test_unit/test_unit_parallel.jl	69	a2b582f61dc981c318f817fc0575cfadfdb8c93e34c5679aeaf7fdae48be5050	@test (ctx.rank1, ctx.size1) == (0, 1)	SERIALCTX	SingleProcessReducer; reducer::single_process_reducer_is_a_no_op	API_DIFFERENCE_OR_GAP	Rust trait has no nullable communicator fields; rank/world identity test exists; group/local/cross field assertion needs architectural mapping.
M0527	MVMCOptimizers.jl/test_unit/test_unit_parallel.jl	70	a2b582f61dc981c318f817fc0575cfadfdb8c93e34c5679aeaf7fdae48be5050	@test (ctx.rank2, ctx.size2) == (0, 1)	SERIALCTX	SingleProcessReducer; reducer::single_process_reducer_is_a_no_op	API_DIFFERENCE_OR_GAP	Rust trait has no nullable communicator fields; rank/world identity test exists; group/local/cross field assertion needs architectural mapping.
M0528	MVMCOptimizers.jl/test_unit/test_unit_parallel.jl	71	a2b582f61dc981c318f817fc0575cfadfdb8c93e34c5679aeaf7fdae48be5050	@test ctx.group1 == 0	SERIALCTX	SingleProcessReducer; reducer::single_process_reducer_is_a_no_op	API_DIFFERENCE_OR_GAP	Rust trait has no nullable communicator fields; rank/world identity test exists; group/local/cross field assertion needs architectural mapping.
M0529	MVMCOptimizers.jl/test_unit/test_unit_parallel.jl	72	a2b582f61dc981c318f817fc0575cfadfdb8c93e34c5679aeaf7fdae48be5050	@test is_output_rank(ctx)	SERIALCTX	SingleProcessReducer; reducer::single_process_reducer_is_a_no_op	API_DIFFERENCE_OR_GAP	Rust trait has no nullable communicator fields; rank/world identity test exists; group/local/cross field assertion needs architectural mapping.
M0530	MVMCOptimizers.jl/test_unit/test_unit_parallel.jl	84	a2b582f61dc981c318f817fc0575cfadfdb8c93e34c5679aeaf7fdae48be5050	@test !mpi_env_detected()	ENV530	parallel::detects_launcher_variables_in_priority_order; verify_mpi_issue179_cli_policy.sh	RELATED_NOT_EQUIVALENT	Julia flag truth table and Slurm-only/guarded-serial cases are not equivalent to Rust typed reducer or automatic CLI feature selection; no per-row proof.
M0531	MVMCOptimizers.jl/test_unit/test_unit_parallel.jl	85	a2b582f61dc981c318f817fc0575cfadfdb8c93e34c5679aeaf7fdae48be5050	@test !mpi_launch_detected()	ENV531	parallel::detects_launcher_variables_in_priority_order; verify_mpi_issue179_cli_policy.sh	RELATED_NOT_EQUIVALENT	Julia flag truth table and Slurm-only/guarded-serial cases are not equivalent to Rust typed reducer or automatic CLI feature selection; no per-row proof.
M0532	MVMCOptimizers.jl/test_unit/test_unit_parallel.jl	86	a2b582f61dc981c318f817fc0575cfadfdb8c93e34c5679aeaf7fdae48be5050	@test !slurm_multi_task()	ENV532	parallel::detects_launcher_variables_in_priority_order; verify_mpi_issue179_cli_policy.sh	RELATED_NOT_EQUIVALENT	Julia flag truth table and Slurm-only/guarded-serial cases are not equivalent to Rust typed reducer or automatic CLI feature selection; no per-row proof.
M0533	MVMCOptimizers.jl/test_unit/test_unit_parallel.jl	87	a2b582f61dc981c318f817fc0575cfadfdb8c93e34c5679aeaf7fdae48be5050	@test resolve_mpi_mode() === :serial	ENV533	parallel::detects_launcher_variables_in_priority_order; verify_mpi_issue179_cli_policy.sh	RELATED_NOT_EQUIVALENT	Julia flag truth table and Slurm-only/guarded-serial cases are not equivalent to Rust typed reducer or automatic CLI feature selection; no per-row proof.
M0534	MVMCOptimizers.jl/test_unit/test_unit_parallel.jl	90	a2b582f61dc981c318f817fc0575cfadfdb8c93e34c5679aeaf7fdae48be5050	@test mpi_env_detected()	ENV534	parallel::detects_launcher_variables_in_priority_order; verify_mpi_issue179_cli_policy.sh	RELATED_NOT_EQUIVALENT	Julia flag truth table and Slurm-only/guarded-serial cases are not equivalent to Rust typed reducer or automatic CLI feature selection; no per-row proof.
M0535	MVMCOptimizers.jl/test_unit/test_unit_parallel.jl	91	a2b582f61dc981c318f817fc0575cfadfdb8c93e34c5679aeaf7fdae48be5050	@test resolve_mpi_mode() === :mpi	ENV535	parallel::detects_launcher_variables_in_priority_order; verify_mpi_issue179_cli_policy.sh	RELATED_NOT_EQUIVALENT	Julia flag truth table and Slurm-only/guarded-serial cases are not equivalent to Rust typed reducer or automatic CLI feature selection; no per-row proof.
M0536	MVMCOptimizers.jl/test_unit/test_unit_parallel.jl	95	a2b582f61dc981c318f817fc0575cfadfdb8c93e34c5679aeaf7fdae48be5050	@test mpi_env_detected()	ENV536	parallel::detects_launcher_variables_in_priority_order; verify_mpi_issue179_cli_policy.sh	RELATED_NOT_EQUIVALENT	Julia flag truth table and Slurm-only/guarded-serial cases are not equivalent to Rust typed reducer or automatic CLI feature selection; no per-row proof.
M0537	MVMCOptimizers.jl/test_unit/test_unit_parallel.jl	96	a2b582f61dc981c318f817fc0575cfadfdb8c93e34c5679aeaf7fdae48be5050	@test resolve_mpi_mode() === :mpi	ENV537	parallel::detects_launcher_variables_in_priority_order; verify_mpi_issue179_cli_policy.sh	RELATED_NOT_EQUIVALENT	Julia flag truth table and Slurm-only/guarded-serial cases are not equivalent to Rust typed reducer or automatic CLI feature selection; no per-row proof.
M0538	MVMCOptimizers.jl/test_unit/test_unit_parallel.jl	99	a2b582f61dc981c318f817fc0575cfadfdb8c93e34c5679aeaf7fdae48be5050	@test resolve_mpi_mode() === :mpi	ENV538	parallel::detects_launcher_variables_in_priority_order; verify_mpi_issue179_cli_policy.sh	RELATED_NOT_EQUIVALENT	Julia flag truth table and Slurm-only/guarded-serial cases are not equivalent to Rust typed reducer or automatic CLI feature selection; no per-row proof.
M0539	MVMCOptimizers.jl/test_unit/test_unit_parallel.jl	102	a2b582f61dc981c318f817fc0575cfadfdb8c93e34c5679aeaf7fdae48be5050	@test resolve_mpi_mode() === :mpi	ENV539	parallel::detects_launcher_variables_in_priority_order; verify_mpi_issue179_cli_policy.sh	RELATED_NOT_EQUIVALENT	Julia flag truth table and Slurm-only/guarded-serial cases are not equivalent to Rust typed reducer or automatic CLI feature selection; no per-row proof.
M0540	MVMCOptimizers.jl/test_unit/test_unit_parallel.jl	105	a2b582f61dc981c318f817fc0575cfadfdb8c93e34c5679aeaf7fdae48be5050	@test !mpi_launch_detected()	ENV540	parallel::detects_launcher_variables_in_priority_order; verify_mpi_issue179_cli_policy.sh	RELATED_NOT_EQUIVALENT	Julia flag truth table and Slurm-only/guarded-serial cases are not equivalent to Rust typed reducer or automatic CLI feature selection; no per-row proof.
M0541	MVMCOptimizers.jl/test_unit/test_unit_parallel.jl	106	a2b582f61dc981c318f817fc0575cfadfdb8c93e34c5679aeaf7fdae48be5050	@test resolve_mpi_mode() === :serial	ENV541	parallel::detects_launcher_variables_in_priority_order; verify_mpi_issue179_cli_policy.sh	RELATED_NOT_EQUIVALENT	Julia flag truth table and Slurm-only/guarded-serial cases are not equivalent to Rust typed reducer or automatic CLI feature selection; no per-row proof.
M0542	MVMCOptimizers.jl/test_unit/test_unit_parallel.jl	109	a2b582f61dc981c318f817fc0575cfadfdb8c93e34c5679aeaf7fdae48be5050	@test resolve_mpi_mode() === :serial	ENV542	parallel::detects_launcher_variables_in_priority_order; verify_mpi_issue179_cli_policy.sh	RELATED_NOT_EQUIVALENT	Julia flag truth table and Slurm-only/guarded-serial cases are not equivalent to Rust typed reducer or automatic CLI feature selection; no per-row proof.
M0543	MVMCOptimizers.jl/test_unit/test_unit_parallel.jl	112	a2b582f61dc981c318f817fc0575cfadfdb8c93e34c5679aeaf7fdae48be5050	@test slurm_multi_task()	ENV543	parallel::detects_launcher_variables_in_priority_order; verify_mpi_issue179_cli_policy.sh	RELATED_NOT_EQUIVALENT	Julia flag truth table and Slurm-only/guarded-serial cases are not equivalent to Rust typed reducer or automatic CLI feature selection; no per-row proof.
M0544	MVMCOptimizers.jl/test_unit/test_unit_parallel.jl	113	a2b582f61dc981c318f817fc0575cfadfdb8c93e34c5679aeaf7fdae48be5050	@test_throws ErrorException resolve_mpi_mode()	ENV544	parallel::detects_launcher_variables_in_priority_order; verify_mpi_issue179_cli_policy.sh	RELATED_NOT_EQUIVALENT	Julia flag truth table and Slurm-only/guarded-serial cases are not equivalent to Rust typed reducer or automatic CLI feature selection; no per-row proof.
M0545	MVMCOptimizers.jl/test_unit/test_unit_parallel.jl	116	a2b582f61dc981c318f817fc0575cfadfdb8c93e34c5679aeaf7fdae48be5050	@test_throws ErrorException resolve_mpi_mode()	ENV545	parallel::detects_launcher_variables_in_priority_order; verify_mpi_issue179_cli_policy.sh	RELATED_NOT_EQUIVALENT	Julia flag truth table and Slurm-only/guarded-serial cases are not equivalent to Rust typed reducer or automatic CLI feature selection; no per-row proof.
M0546	MVMCOptimizers.jl/test_unit/test_unit_parallel.jl	119	a2b582f61dc981c318f817fc0575cfadfdb8c93e34c5679aeaf7fdae48be5050	@test resolve_mpi_mode() === :mpi	ENV546	parallel::detects_launcher_variables_in_priority_order; verify_mpi_issue179_cli_policy.sh	RELATED_NOT_EQUIVALENT	Julia flag truth table and Slurm-only/guarded-serial cases are not equivalent to Rust typed reducer or automatic CLI feature selection; no per-row proof.
M0547	MVMCOptimizers.jl/test_unit/test_unit_parallel.jl	122	a2b582f61dc981c318f817fc0575cfadfdb8c93e34c5679aeaf7fdae48be5050	@test resolve_mpi_mode() === :serial	ENV547	parallel::detects_launcher_variables_in_priority_order; verify_mpi_issue179_cli_policy.sh	RELATED_NOT_EQUIVALENT	Julia flag truth table and Slurm-only/guarded-serial cases are not equivalent to Rust typed reducer or automatic CLI feature selection; no per-row proof.
M0548	MVMCOptimizers.jl/test_unit/test_unit_parallel.jl	125	a2b582f61dc981c318f817fc0575cfadfdb8c93e34c5679aeaf7fdae48be5050	@test resolve_mpi_mode() === :mpi_guarded_serial	ENV548	parallel::detects_launcher_variables_in_priority_order; verify_mpi_issue179_cli_policy.sh	RELATED_NOT_EQUIVALENT	Julia flag truth table and Slurm-only/guarded-serial cases are not equivalent to Rust typed reducer or automatic CLI feature selection; no per-row proof.
M0549	MVMCOptimizers.jl/test_unit/test_unit_parallel.jl	128	a2b582f61dc981c318f817fc0575cfadfdb8c93e34c5679aeaf7fdae48be5050	@test resolve_mpi_mode() === :mpi_guarded_serial	ENV549	parallel::detects_launcher_variables_in_priority_order; verify_mpi_issue179_cli_policy.sh	RELATED_NOT_EQUIVALENT	Julia flag truth table and Slurm-only/guarded-serial cases are not equivalent to Rust typed reducer or automatic CLI feature selection; no per-row proof.
M0550	MVMCOptimizers.jl/test_unit/test_unit_parallel.jl	131	a2b582f61dc981c318f817fc0575cfadfdb8c93e34c5679aeaf7fdae48be5050	@test resolve_mpi_mode() === :serial	ENV550	parallel::detects_launcher_variables_in_priority_order; verify_mpi_issue179_cli_policy.sh	RELATED_NOT_EQUIVALENT	Julia flag truth table and Slurm-only/guarded-serial cases are not equivalent to Rust typed reducer or automatic CLI feature selection; no per-row proof.
M0551	MVMCOptimizers.jl/test_unit/test_unit_parallel.jl	134	a2b582f61dc981c318f817fc0575cfadfdb8c93e34c5679aeaf7fdae48be5050	@test_throws ErrorException resolve_mpi_mode()	ENV551	parallel::detects_launcher_variables_in_priority_order; verify_mpi_issue179_cli_policy.sh	RELATED_NOT_EQUIVALENT	Julia flag truth table and Slurm-only/guarded-serial cases are not equivalent to Rust typed reducer or automatic CLI feature selection; no per-row proof.
M0552	MVMCOptimizers.jl/test_unit/test_unit_parallel.jl	144	a2b582f61dc981c318f817fc0575cfadfdb8c93e34c5679aeaf7fdae48be5050	@test bcast!(ctx, v) === v && v == ComplexF64[1.0 + 2.0im, 3.0]	SERIALWRAP	reducer::single_process_reducer_is_a_no_op	RELATED_NOT_EQUIVALENT	Exact operand broadcast/root-reduce/barrier/counter11 assertions not all present; mutable slice API has no returned Julia object identity.
M0553	MVMCOptimizers.jl/test_unit/test_unit_parallel.jl	145	a2b582f61dc981c318f817fc0575cfadfdb8c93e34c5679aeaf7fdae48be5050	@test bcast_scalar(ctx, 42) == 42	SERIALWRAP	reducer::single_process_reducer_is_a_no_op	RELATED_NOT_EQUIVALENT	Exact operand broadcast/root-reduce/barrier/counter11 assertions not all present; mutable slice API has no returned Julia object identity.
M0554	MVMCOptimizers.jl/test_unit/test_unit_parallel.jl	146	a2b582f61dc981c318f817fc0575cfadfdb8c93e34c5679aeaf7fdae48be5050	@test allreduce_sum!(ctx, v) === v && v == ComplexF64[1.0 + 2.0im, 3.0]	SERIALWRAP	reducer::single_process_reducer_is_a_no_op	RELATED_NOT_EQUIVALENT	Exact operand broadcast/root-reduce/barrier/counter11 assertions not all present; mutable slice API has no returned Julia object identity.
M0555	MVMCOptimizers.jl/test_unit/test_unit_parallel.jl	147	a2b582f61dc981c318f817fc0575cfadfdb8c93e34c5679aeaf7fdae48be5050	@test reduce_sum_to_root!(ctx, v) === v	SERIALWRAP	reducer::single_process_reducer_is_a_no_op	RELATED_NOT_EQUIVALENT	Exact operand broadcast/root-reduce/barrier/counter11 assertions not all present; mutable slice API has no returned Julia object identity.
M0556	MVMCOptimizers.jl/test_unit/test_unit_parallel.jl	148	a2b582f61dc981c318f817fc0575cfadfdb8c93e34c5679aeaf7fdae48be5050	@test barrier(ctx) === nothing	SERIALWRAP	reducer::single_process_reducer_is_a_no_op	RELATED_NOT_EQUIVALENT	Exact operand broadcast/root-reduce/barrier/counter11 assertions not all present; mutable slice API has no returned Julia object identity.
M0557	MVMCOptimizers.jl/test_unit/test_unit_parallel.jl	150	a2b582f61dc981c318f817fc0575cfadfdb8c93e34c5679aeaf7fdae48be5050	@test reduce_counter!(ctx, c) === c && c == collect(1:11)	SERIALWRAP	reducer::single_process_reducer_is_a_no_op	RELATED_NOT_EQUIVALENT	Exact operand broadcast/root-reduce/barrier/counter11 assertions not all present; mutable slice API has no returned Julia object identity.
M0558	MVMCOptimizers.jl/test_unit/test_unit_parallel.jl	154	a2b582f61dc981c318f817fc0575cfadfdb8c93e34c5679aeaf7fdae48be5050	@test _chunk_ranges(0, 4) == UnitRange{Int}[]	CHUNK558	NONE_IDENTIFIED	GAP	Julia chunk4 boundary array not mapped; small MPI collectives do not prove chunk-capacity semantics.
M0559	MVMCOptimizers.jl/test_unit/test_unit_parallel.jl	155	a2b582f61dc981c318f817fc0575cfadfdb8c93e34c5679aeaf7fdae48be5050	@test _chunk_ranges(3, 4) == [1:3]	CHUNK559	NONE_IDENTIFIED	GAP	Julia chunk4 boundary array not mapped; small MPI collectives do not prove chunk-capacity semantics.
M0560	MVMCOptimizers.jl/test_unit/test_unit_parallel.jl	156	a2b582f61dc981c318f817fc0575cfadfdb8c93e34c5679aeaf7fdae48be5050	@test _chunk_ranges(8, 4) == [1:4, 5:8]	CHUNK560	NONE_IDENTIFIED	GAP	Julia chunk4 boundary array not mapped; small MPI collectives do not prove chunk-capacity semantics.
M0561	MVMCOptimizers.jl/test_unit/test_unit_parallel.jl	157	a2b582f61dc981c318f817fc0575cfadfdb8c93e34c5679aeaf7fdae48be5050	@test _chunk_ranges(9, 4) == [1:4, 5:8, 9:9]	CHUNK561	NONE_IDENTIFIED	GAP	Julia chunk4 boundary array not mapped; small MPI collectives do not prove chunk-capacity semantics.
M0562	MVMCOptimizers.jl/test_unit/test_unit_parallel.jl	164	a2b582f61dc981c318f817fc0575cfadfdb8c93e34c5679aeaf7fdae48be5050	@test resolve_rnd_seed(ctx, 11272, nothing) == 11272	SEED562	run::mpi_runtime_tests::negative_clock_and_asymmetric_runner_failures	RELATED_NOT_EQUIVALENT	Live negative-clock group broadcast is separate; literal default/zero123/override777/group3 base100 assertions not individually attributed.
M0563	MVMCOptimizers.jl/test_unit/test_unit_parallel.jl	165	a2b582f61dc981c318f817fc0575cfadfdb8c93e34c5679aeaf7fdae48be5050	@test resolve_rnd_seed(ctx, 0, nothing) == 0	SEED563	run::mpi_runtime_tests::negative_clock_and_asymmetric_runner_failures	RELATED_NOT_EQUIVALENT	Live negative-clock group broadcast is separate; literal default/zero123/override777/group3 base100 assertions not individually attributed.
M0564	MVMCOptimizers.jl/test_unit/test_unit_parallel.jl	166	a2b582f61dc981c318f817fc0575cfadfdb8c93e34c5679aeaf7fdae48be5050	@test resolve_rnd_seed(ctx, 123, nothing) == 123	SEED564	run::mpi_runtime_tests::negative_clock_and_asymmetric_runner_failures	RELATED_NOT_EQUIVALENT	Live negative-clock group broadcast is separate; literal default/zero123/override777/group3 base100 assertions not individually attributed.
M0565	MVMCOptimizers.jl/test_unit/test_unit_parallel.jl	168	a2b582f61dc981c318f817fc0575cfadfdb8c93e34c5679aeaf7fdae48be5050	@test t isa Int && t > 0	SEED565	run::mpi_runtime_tests::negative_clock_and_asymmetric_runner_failures	RELATED_NOT_EQUIVALENT	Live negative-clock group broadcast is separate; literal default/zero123/override777/group3 base100 assertions not individually attributed.
M0566	MVMCOptimizers.jl/test_unit/test_unit_parallel.jl	169	a2b582f61dc981c318f817fc0575cfadfdb8c93e34c5679aeaf7fdae48be5050	@test resolve_rnd_seed(ctx, 123, 777) == 777	SEED566	run::mpi_runtime_tests::negative_clock_and_asymmetric_runner_failures	RELATED_NOT_EQUIVALENT	Live negative-clock group broadcast is separate; literal default/zero123/override777/group3 base100 assertions not individually attributed.
M0567	MVMCOptimizers.jl/test_unit/test_unit_parallel.jl	173	a2b582f61dc981c318f817fc0575cfadfdb8c93e34c5679aeaf7fdae48be5050	@test resolve_rnd_seed(ctx2, 100, nothing) == 103	SEED567	run::mpi_runtime_tests::negative_clock_and_asymmetric_runner_failures	RELATED_NOT_EQUIVALENT	Live negative-clock group broadcast is separate; literal default/zero123/override777/group3 base100 assertions not individually attributed.
M0568	MVMCOptimizers.jl/test_unit/test_unit_parallel.jl	186	a2b582f61dc981c318f817fc0575cfadfdb8c93e34c5679aeaf7fdae48be5050	@test MVMCOptimizers.validate_supported_modpara(modpara) === nothing	VALIDATION568	runtime_contract::grouped_runtime_matrix_accepts_normal_physcal_and_rejects_unsupported_scopes; rejects_modpara_solver_controls_instead_of_discarding_them	SOURCE_MATCH_NOT_RUN	Global validity vs grouped capability vs missing reducer availability must be separate; exact fake-context assertion and error text not assumed.
M0569	MVMCOptimizers.jl/test_unit/test_unit_parallel.jl	187	a2b582f61dc981c318f817fc0575cfadfdb8c93e34c5679aeaf7fdae48be5050	@test MVMCOptimizers.validate_supported_para_opt_parallel_modpara(\n        fake_mpi_ctx, modpara) === nothing	VALIDATION569	runtime_contract::grouped_runtime_matrix_accepts_normal_physcal_and_rejects_unsupported_scopes; rejects_modpara_solver_controls_instead_of_discarding_them	SOURCE_MATCH_NOT_RUN	Global validity vs grouped capability vs missing reducer availability must be separate; exact fake-context assertion and error text not assumed.
M0570	MVMCOptimizers.jl/test_unit/test_unit_parallel.jl	192	a2b582f61dc981c318f817fc0575cfadfdb8c93e34c5679aeaf7fdae48be5050	@test MVMCOptimizers.validate_supported_para_opt_parallel_modpara(\n        serial_context(), serial_modpara) === nothing	VALIDATION570	runtime_contract::grouped_runtime_matrix_accepts_normal_physcal_and_rejects_unsupported_scopes; rejects_modpara_solver_controls_instead_of_discarding_them	SOURCE_MATCH_NOT_RUN	Global validity vs grouped capability vs missing reducer availability must be separate; exact fake-context assertion and error text not assumed.
M0571	MVMCOptimizers.jl/test_unit/test_unit_parallel.jl	198	a2b582f61dc981c318f817fc0575cfadfdb8c93e34c5679aeaf7fdae48be5050	@test MVMCOptimizers.validate_supported_modpara(split_direct_modpara) === nothing	VALIDATION571	runtime_contract::grouped_runtime_matrix_accepts_normal_physcal_and_rejects_unsupported_scopes; rejects_modpara_solver_controls_instead_of_discarding_them	SOURCE_MATCH_NOT_RUN	Global validity vs grouped capability vs missing reducer availability must be separate; exact fake-context assertion and error text not assumed.
M0572	MVMCOptimizers.jl/test_unit/test_unit_parallel.jl	199	a2b582f61dc981c318f817fc0575cfadfdb8c93e34c5679aeaf7fdae48be5050	@test MVMCOptimizers.validate_supported_para_opt_parallel_modpara(\n        fake_mpi_ctx, split_direct_modpara) === nothing	VALIDATION572	runtime_contract::grouped_runtime_matrix_accepts_normal_physcal_and_rejects_unsupported_scopes; rejects_modpara_solver_controls_instead_of_discarding_them	SOURCE_MATCH_NOT_RUN	Global validity vs grouped capability vs missing reducer availability must be separate; exact fake-context assertion and error text not assumed.
M0573	MVMCOptimizers.jl/test_unit/test_unit_parallel.jl	205	a2b582f61dc981c318f817fc0575cfadfdb8c93e34c5679aeaf7fdae48be5050	@test MVMCOptimizers.validate_supported_modpara(split_cg_modpara) === nothing	VALIDATION573	runtime_contract::grouped_runtime_matrix_accepts_normal_physcal_and_rejects_unsupported_scopes; rejects_modpara_solver_controls_instead_of_discarding_them	SOURCE_MATCH_NOT_RUN	Global validity vs grouped capability vs missing reducer availability must be separate; exact fake-context assertion and error text not assumed.
M0574	MVMCOptimizers.jl/test_unit/test_unit_parallel.jl	213	a2b582f61dc981c318f817fc0575cfadfdb8c93e34c5679aeaf7fdae48be5050	@test err isa ErrorException	VALIDATION574	runtime_contract::grouped_runtime_matrix_accepts_normal_physcal_and_rejects_unsupported_scopes; rejects_modpara_solver_controls_instead_of_discarding_them	SOURCE_MATCH_NOT_RUN	Global validity vs grouped capability vs missing reducer availability must be separate; exact fake-context assertion and error text not assumed.
M0575	MVMCOptimizers.jl/test_unit/test_unit_parallel.jl	214	a2b582f61dc981c318f817fc0575cfadfdb8c93e34c5679aeaf7fdae48be5050	@test occursin("NSplitSize > 1 with SR-CG", sprint(showerror, err))	VALIDATION575	runtime_contract::grouped_runtime_matrix_accepts_normal_physcal_and_rejects_unsupported_scopes; rejects_modpara_solver_controls_instead_of_discarding_them	SOURCE_MATCH_NOT_RUN	Global validity vs grouped capability vs missing reducer availability must be separate; exact fake-context assertion and error text not assumed.
M0576	MVMCOptimizers.jl/test_unit/test_unit_parallel.jl	223	a2b582f61dc981c318f817fc0575cfadfdb8c93e34c5679aeaf7fdae48be5050	@test err isa ErrorException	VALIDATION576	runtime_contract::grouped_runtime_matrix_accepts_normal_physcal_and_rejects_unsupported_scopes; rejects_modpara_solver_controls_instead_of_discarding_them	SOURCE_MATCH_NOT_RUN	Global validity vs grouped capability vs missing reducer availability must be separate; exact fake-context assertion and error text not assumed.
M0577	MVMCOptimizers.jl/test_unit/test_unit_parallel.jl	224	a2b582f61dc981c318f817fc0575cfadfdb8c93e34c5679aeaf7fdae48be5050	@test occursin("NSRCG >= 2", sprint(showerror, err))	VALIDATION577	runtime_contract::grouped_runtime_matrix_accepts_normal_physcal_and_rejects_unsupported_scopes; rejects_modpara_solver_controls_instead_of_discarding_them	SOURCE_MATCH_NOT_RUN	Global validity vs grouped capability vs missing reducer availability must be separate; exact fake-context assertion and error text not assumed.
M0578	MVMCOptimizers.jl/test_unit/test_unit_parallel.jl	230	a2b582f61dc981c318f817fc0575cfadfdb8c93e34c5679aeaf7fdae48be5050	@test MVMCExpertModeParsers.ModParaParameters().rnd_seed == 11272	DEFAULTSEED	NONE_IDENTIFIED	GAP	Locate explicit parser default11272 assertion and terminal evidence; sampler seed1 repeats insufficient.
M0579	MVMCOptimizers.jl/test_unit/test_unit_parallel.jl	238	a2b582f61dc981c318f817fc0575cfadfdb8c93e34c5679aeaf7fdae48be5050	@test n > 0	PACK579	sync::broadcasts_and_applies_canonical_variational_parameters	RELATED_NOT_EQUIVALENT	Packing helper/duplicate repair/signed-zero/short-buffer/manual RBM invariant need exact per-row assertion; one broadcast test not all.
M0580	MVMCOptimizers.jl/test_unit/test_unit_parallel.jl	241	a2b582f61dc981c318f817fc0575cfadfdb8c93e34c5679aeaf7fdae48be5050	@test length(para) == n	PACK580	sync::broadcasts_and_applies_canonical_variational_parameters	RELATED_NOT_EQUIVALENT	Packing helper/duplicate repair/signed-zero/short-buffer/manual RBM invariant need exact per-row assertion; one broadcast test not all.
M0581	MVMCOptimizers.jl/test_unit/test_unit_parallel.jl	247	a2b582f61dc981c318f817fc0575cfadfdb8c93e34c5679aeaf7fdae48be5050	@test pack_parameters(data)[i] ≈ before + ComplexF64(0.25, -0.5)	PACK581	sync::broadcasts_and_applies_canonical_variational_parameters	RELATED_NOT_EQUIVALENT	Packing helper/duplicate repair/signed-zero/short-buffer/manual RBM invariant need exact per-row assertion; one broadcast test not all.
M0582	MVMCOptimizers.jl/test_unit/test_unit_parallel.jl	254	a2b582f61dc981c318f817fc0575cfadfdb8c93e34c5679aeaf7fdae48be5050	@test pack_parameters(data) ≈ perturbed	PACK582	sync::broadcasts_and_applies_canonical_variational_parameters	RELATED_NOT_EQUIVALENT	Packing helper/duplicate repair/signed-zero/short-buffer/manual RBM invariant need exact per-row assertion; one broadcast test not all.
M0583	MVMCOptimizers.jl/test_unit/test_unit_parallel.jl	256	a2b582f61dc981c318f817fc0575cfadfdb8c93e34c5679aeaf7fdae48be5050	@test pack_parameters(data) ≈ original	PACK583	sync::broadcasts_and_applies_canonical_variational_parameters	RELATED_NOT_EQUIVALENT	Packing helper/duplicate repair/signed-zero/short-buffer/manual RBM invariant need exact per-row assertion; one broadcast test not all.
M0584	MVMCOptimizers.jl/test_unit/test_unit_parallel.jl	258	a2b582f61dc981c318f817fc0575cfadfdb8c93e34c5679aeaf7fdae48be5050	@test_throws ArgumentError unpack_parameters!(data, original[1:max(n - 1, 0)])	PACK584	sync::broadcasts_and_applies_canonical_variational_parameters	RELATED_NOT_EQUIVALENT	Packing helper/duplicate repair/signed-zero/short-buffer/manual RBM invariant need exact per-row assertion; one broadcast test not all.
M0585	MVMCOptimizers.jl/test_unit/test_unit_parallel.jl	271	a2b582f61dc981c318f817fc0575cfadfdb8c93e34c5679aeaf7fdae48be5050	@test all(v -> v == vals[1], vals)	PACK585	sync::broadcasts_and_applies_canonical_variational_parameters	RELATED_NOT_EQUIVALENT	Packing helper/duplicate repair/signed-zero/short-buffer/manual RBM invariant need exact per-row assertion; one broadcast test not all.
M0586	MVMCOptimizers.jl/test_unit/test_unit_parallel.jl	287	a2b582f61dc981c318f817fc0575cfadfdb8c93e34c5679aeaf7fdae48be5050	@test all(v -> v == para[para_idx], vals)	PACK586	sync::broadcasts_and_applies_canonical_variational_parameters	RELATED_NOT_EQUIVALENT	Packing helper/duplicate repair/signed-zero/short-buffer/manual RBM invariant need exact per-row assertion; one broadcast test not all.
M0587	MVMCOptimizers.jl/test_unit/test_unit_parallel.jl	295	a2b582f61dc981c318f817fc0575cfadfdb8c93e34c5679aeaf7fdae48be5050	@test_throws ErrorException MVMCOptimizers.check_duplicate_consistency(data_rbm)	PACK587	sync::broadcasts_and_applies_canonical_variational_parameters	RELATED_NOT_EQUIVALENT	Packing helper/duplicate repair/signed-zero/short-buffer/manual RBM invariant need exact per-row assertion; one broadcast test not all.
M0588	MVMCOptimizers.jl/test_unit/test_unit_parallel.jl	304	a2b582f61dc981c318f817fc0575cfadfdb8c93e34c5679aeaf7fdae48be5050	@test packed_zero[1] == complex(-0.0, -0.0)	PACK588	sync::broadcasts_and_applies_canonical_variational_parameters	RELATED_NOT_EQUIVALENT	Packing helper/duplicate repair/signed-zero/short-buffer/manual RBM invariant need exact per-row assertion; one broadcast test not all.
M0589	MVMCOptimizers.jl/test_unit/test_unit_parallel.jl	305	a2b582f61dc981c318f817fc0575cfadfdb8c93e34c5679aeaf7fdae48be5050	@test signbit(real(packed_zero[1]))	PACK589	sync::broadcasts_and_applies_canonical_variational_parameters	RELATED_NOT_EQUIVALENT	Packing helper/duplicate repair/signed-zero/short-buffer/manual RBM invariant need exact per-row assertion; one broadcast test not all.
M0590	MVMCOptimizers.jl/test_unit/test_unit_parallel.jl	306	a2b582f61dc981c318f817fc0575cfadfdb8c93e34c5679aeaf7fdae48be5050	@test signbit(imag(packed_zero[1]))	PACK590	sync::broadcasts_and_applies_canonical_variational_parameters	RELATED_NOT_EQUIVALENT	Packing helper/duplicate repair/signed-zero/short-buffer/manual RBM invariant need exact per-row assertion; one broadcast test not all.
M0591	MVMCOptimizers.jl/test_unit/test_unit_parallel.jl	316	a2b582f61dc981c318f817fc0575cfadfdb8c93e34c5679aeaf7fdae48be5050	@test pack_parameters(data_a) ≈ pack_parameters(data_b)	PACK591	sync::broadcasts_and_applies_canonical_variational_parameters	RELATED_NOT_EQUIVALENT	Packing helper/duplicate repair/signed-zero/short-buffer/manual RBM invariant need exact per-row assertion; one broadcast test not all.
M1335	test/mpi/mpi_hubbard_smoke.jl	20	a155b6a4d73b22a477d5334a6acc98cf4decff55ee14fedebdbe46c0b8891395	@assert isnan(result.final_energy_per_site)	HUBBARD4	NONE_IDENTIFIED	GAP	Public result status/root4rows/non-rootNaN at exact fixture and sample window; state repeats do not assert public result.
M1336	test/mpi/mpi_hubbard_smoke.jl	23	a155b6a4d73b22a477d5334a6acc98cf4decff55ee14fedebdbe46c0b8891395	@assert result.status == 0	HUBBARD4	NONE_IDENTIFIED	GAP	Public result status/root4rows/non-rootNaN at exact fixture and sample window; state repeats do not assert public result.
M1337	test/mpi/mpi_hubbard_smoke.jl	24	a155b6a4d73b22a477d5334a6acc98cf4decff55ee14fedebdbe46c0b8891395	@assert length(result.zvo_first_n) == 4	HUBBARD4	NONE_IDENTIFIED	GAP	Public result status/root4rows/non-rootNaN at exact fixture and sample window; state repeats do not assert public result.
M1338	test/mpi/mpi_nsplit_nstore_smoke.jl	111	ddaeb1db91f476e3500aa4c63299f135e982bf83b8a3994e0a30a250ac4a9a3a	@assert isnan(result.final_energy_per_site)	IDENTITY1	NONE_IDENTIFIED	GAP	Two fixtures x four(world,width,store) combinations; sample4/warm1/step1 identityQP canonicalized; per-rank result boundary unverified here.
M1339	test/mpi/mpi_nsplit_nstore_smoke.jl	114	ddaeb1db91f476e3500aa4c63299f135e982bf83b8a3994e0a30a250ac4a9a3a	@assert result.status == 0	IDENTITY1	NONE_IDENTIFIED	GAP	Two fixtures x four(world,width,store) combinations; sample4/warm1/step1 identityQP canonicalized; per-rank result boundary unverified here.
M1340	test/mpi/mpi_nsplit_nstore_smoke.jl	115	ddaeb1db91f476e3500aa4c63299f135e982bf83b8a3994e0a30a250ac4a9a3a	@assert length(result.zvo_first_n) == 1	IDENTITY1	NONE_IDENTIFIED	GAP	Two fixtures x four(world,width,store) combinations; sample4/warm1/step1 identityQP canonicalized; per-rank result boundary unverified here.
M1341	test/mpi/mpi_nsplit_standard_projection_smoke.jl	92	1d59045961424f3b65422b56bf696bcb2fdbaf1fc294efab4c282e325e9b5a35	@assert isnan(result.final_energy_per_site)	STANDARD1	NONE_IDENTIFIED	GAP	Three retained projection fixtures x four(world,width,store) combinations; not identityQP or sample3 repeat matrix.
M1342	test/mpi/mpi_nsplit_standard_projection_smoke.jl	95	1d59045961424f3b65422b56bf696bcb2fdbaf1fc294efab4c282e325e9b5a35	@assert result.status == 0	STANDARD1	NONE_IDENTIFIED	GAP	Three retained projection fixtures x four(world,width,store) combinations; not identityQP or sample3 repeat matrix.
M1343	test/mpi/mpi_nsplit_standard_projection_smoke.jl	96	1d59045961424f3b65422b56bf696bcb2fdbaf1fc294efab4c282e325e9b5a35	@assert length(result.zvo_first_n) == 1	STANDARD1	NONE_IDENTIFIED	GAP	Three retained projection fixtures x four(world,width,store) combinations; not identityQP or sample3 repeat matrix.
M1344	test/mpi/mpi_physcal_nsplit_smoke.jl	88	15744fade94b867c6abfb416c8d620969f9fce07fe47958bcabadaeae7542015	@assert result.status == 0	PHYSCALGROUP	mpi_physcal::mpi_physcal_reduces_fixed_parameter_samples	RELATED_NOT_EQUIVALENT	Two real/cmp PhysCal presets widths1world2/width2world4; exact five filenames/status and predefined parameter input still need proof.
M1345	test/mpi/mpi_physcal_nsplit_smoke.jl	92	15744fade94b867c6abfb416c8d620969f9fce07fe47958bcabadaeae7542015	@assert isfile(joinpath(outdir, name)) "missing PhysCal output: $name"	PHYSCALGROUP	mpi_physcal::mpi_physcal_reduces_fixed_parameter_samples	RELATED_NOT_EQUIVALENT	Two real/cmp PhysCal presets widths1world2/width2world4; exact five filenames/status and predefined parameter input still need proof.
M1346	test/mpi/mpi_physcal_smoke.jl	26	6a7a2c8088a11c76b6610ff27bd54688c1360c7004fdf2c72f1b99e17dc6d1f4	@assert result.status == 0	PHYSREAL	mpi_physcal::mpi_physcal_reduces_fixed_parameter_samples	RELATED_NOT_EQUIVALENT	Exact preset heisenberg real, n_para_consumed14 and root five-file set not proved by singleton density gate.
M1347	test/mpi/mpi_physcal_smoke.jl	27	6a7a2c8088a11c76b6610ff27bd54688c1360c7004fdf2c72f1b99e17dc6d1f4	@assert result.n_para_consumed == 14	PHYSREAL	mpi_physcal::mpi_physcal_reduces_fixed_parameter_samples	RELATED_NOT_EQUIVALENT	Exact preset heisenberg real, n_para_consumed14 and root five-file set not proved by singleton density gate.
M1348	test/mpi/mpi_physcal_smoke.jl	31	6a7a2c8088a11c76b6610ff27bd54688c1360c7004fdf2c72f1b99e17dc6d1f4	@assert isfile(joinpath(outdir, name)) "missing PhysCal output: $name"	PHYSREAL	mpi_physcal::mpi_physcal_reduces_fixed_parameter_samples	RELATED_NOT_EQUIVALENT	Exact preset heisenberg real, n_para_consumed14 and root five-file set not proved by singleton density gate.
M1349	test/mpi/mpi_smoke.jl	25	0a46ce117fa1ba2478454a391bae1e06c0022094d848773ac3f286a840e7ae88	@assert isnan(result.final_energy_per_site)	REAL4	NONE_IDENTIFIED	GAP	Exact public root4rows/non-rootNaN and file set; CLI execution-only evidence is not equivalent.
M1350	test/mpi/mpi_smoke.jl	28	0a46ce117fa1ba2478454a391bae1e06c0022094d848773ac3f286a840e7ae88	@assert result.status == 0	REAL4	NONE_IDENTIFIED	GAP	Exact public root4rows/non-rootNaN and file set; CLI execution-only evidence is not equivalent.
M1351	test/mpi/mpi_smoke.jl	29	0a46ce117fa1ba2478454a391bae1e06c0022094d848773ac3f286a840e7ae88	@assert length(result.zvo_first_n) == 4	REAL4	NONE_IDENTIFIED	GAP	Exact public root4rows/non-rootNaN and file set; CLI execution-only evidence is not equivalent.
M1352	test/mpi/mpi_srcg_e2e_smoke.jl	22	664ff218867b0be6258dc0fc2fcf911cdc81c07ca7dbb0a701b9be0cd4f71715	@test length(row) == expected_ncols	CREFCG	NONE_IDENTIFIED	GAP	Historical C MPI2 one-step14-param fixture; budgets1e-10/1e-9/1e-2 and exact SRinfo text not adopted; requires current provenance/numeric evidence.
M1353	test/mpi/mpi_srcg_e2e_smoke.jl	28	664ff218867b0be6258dc0fc2fcf911cdc81c07ca7dbb0a701b9be0cd4f71715	@test iseven(length(vals))	CREFCG	NONE_IDENTIFIED	GAP	Historical C MPI2 one-step14-param fixture; budgets1e-10/1e-9/1e-2 and exact SRinfo text not adopted; requires current provenance/numeric evidence.
M1354	test/mpi/mpi_srcg_e2e_smoke.jl	49	664ff218867b0be6258dc0fc2fcf911cdc81c07ca7dbb0a701b9be0cd4f71715	@test isnan(result.final_energy_per_site)	CREFCG	NONE_IDENTIFIED	GAP	Historical C MPI2 one-step14-param fixture; budgets1e-10/1e-9/1e-2 and exact SRinfo text not adopted; requires current provenance/numeric evidence.
M1355	test/mpi/mpi_srcg_e2e_smoke.jl	52	664ff218867b0be6258dc0fc2fcf911cdc81c07ca7dbb0a701b9be0cd4f71715	@test result.status == 0	CREFCG	NONE_IDENTIFIED	GAP	Historical C MPI2 one-step14-param fixture; budgets1e-10/1e-9/1e-2 and exact SRinfo text not adopted; requires current provenance/numeric evidence.
M1356	test/mpi/mpi_srcg_e2e_smoke.jl	53	664ff218867b0be6258dc0fc2fcf911cdc81c07ca7dbb0a701b9be0cd4f71715	@test length(result.zvo_first_n) == 1	CREFCG	NONE_IDENTIFIED	GAP	Historical C MPI2 one-step14-param fixture; budgets1e-10/1e-9/1e-2 and exact SRinfo text not adopted; requires current provenance/numeric evidence.
M1357	test/mpi/mpi_srcg_e2e_smoke.jl	57	664ff218867b0be6258dc0fc2fcf911cdc81c07ca7dbb0a701b9be0cd4f71715	@test length(ours_vals) == expected_ncols	CREFCG	NONE_IDENTIFIED	GAP	Historical C MPI2 one-step14-param fixture; budgets1e-10/1e-9/1e-2 and exact SRinfo text not adopted; requires current provenance/numeric evidence.
M1358	test/mpi/mpi_srcg_e2e_smoke.jl	60	664ff218867b0be6258dc0fc2fcf911cdc81c07ca7dbb0a701b9be0cd4f71715	@test abs(ours_vals[j] - ref_vals[j]) <= tol	CREFCG	NONE_IDENTIFIED	GAP	Historical C MPI2 one-step14-param fixture; budgets1e-10/1e-9/1e-2 and exact SRinfo text not adopted; requires current provenance/numeric evidence.
M1359	test/mpi/mpi_srcg_e2e_smoke.jl	63	664ff218867b0be6258dc0fc2fcf911cdc81c07ca7dbb0a701b9be0cd4f71715	@test strip.(readlines(joinpath(outdir, "zvo_SRinfo.dat"))) ==\n              strip.(readlines(joinpath(refdir, "zvo_SRinfo_mpi2_1step.dat")))	CREFCG	NONE_IDENTIFIED	GAP	Historical C MPI2 one-step14-param fixture; budgets1e-10/1e-9/1e-2 and exact SRinfo text not adopted; requires current provenance/numeric evidence.
M1360	test/mpi/mpi_srcg_e2e_smoke.jl	70	664ff218867b0be6258dc0fc2fcf911cdc81c07ca7dbb0a701b9be0cd4f71715	@test length(c_params) == 14	CREFCG	NONE_IDENTIFIED	GAP	Historical C MPI2 one-step14-param fixture; budgets1e-10/1e-9/1e-2 and exact SRinfo text not adopted; requires current provenance/numeric evidence.
M1361	test/mpi/mpi_srcg_e2e_smoke.jl	71	664ff218867b0be6258dc0fc2fcf911cdc81c07ca7dbb0a701b9be0cd4f71715	@test length(julia_pairs) == 2 + length(orbital_idxs)	CREFCG	NONE_IDENTIFIED	GAP	Historical C MPI2 one-step14-param fixture; budgets1e-10/1e-9/1e-2 and exact SRinfo text not adopted; requires current provenance/numeric evidence.
M1362	test/mpi/mpi_srcg_e2e_smoke.jl	72	664ff218867b0be6258dc0fc2fcf911cdc81c07ca7dbb0a701b9be0cd4f71715	@test maximum(abs.(julia_pairs[1:2] .- c_params[1:2])) <= tol_default	CREFCG	NONE_IDENTIFIED	GAP	Historical C MPI2 one-step14-param fixture; budgets1e-10/1e-9/1e-2 and exact SRinfo text not adopted; requires current provenance/numeric evidence.
M1363	test/mpi/mpi_srcg_e2e_smoke.jl	76	664ff218867b0be6258dc0fc2fcf911cdc81c07ca7dbb0a701b9be0cd4f71715	@test orbital_maxdiff <= nsrcg_param_tol	CREFCG	NONE_IDENTIFIED	GAP	Historical C MPI2 one-step14-param fixture; budgets1e-10/1e-9/1e-2 and exact SRinfo text not adopted; requires current provenance/numeric evidence.
M1364	test/mpi/mpi_srcg_operate_smoke.jl	33	c883547ddb30e826c074a1fcaff70129ff4119feec97f1137c98b1830d99f861	@test x ≈ [0.5, -1.0] atol = 0.0	LITERALCG	mpi_issue179_literal_operator::issue179_literal_two_rank_cg_products	LIVE_HISTORICAL_LITERAL	Exact inherited two-rank real/complex root poison and product operands; latest proof b0fda+overlay short28851 not currentmain/model solver parity.
M1365	test/mpi/mpi_srcg_operate_smoke.jl	34	c883547ddb30e826c074a1fcaff70129ff4119feec97f1137c98b1830d99f861	@test z ≈ [-15.30625, -22.7375] atol = 1e-12	LITERALCG	mpi_issue179_literal_operator::issue179_literal_two_rank_cg_products	LIVE_HISTORICAL_LITERAL	Exact inherited two-rank real/complex root poison and product operands; latest proof b0fda+overlay short28851 not currentmain/model solver parity.
M1366	test/mpi/mpi_srcg_operate_smoke.jl	62	c883547ddb30e826c074a1fcaff70129ff4119feec97f1137c98b1830d99f861	@test x_complex ≈ [0.5, -1.0] atol = 0.0	LITERALCG	mpi_issue179_literal_operator::issue179_literal_two_rank_cg_products	LIVE_HISTORICAL_LITERAL	Exact inherited two-rank real/complex root poison and product operands; latest proof b0fda+overlay short28851 not currentmain/model solver parity.
M1367	test/mpi/mpi_srcg_operate_smoke.jl	63	c883547ddb30e826c074a1fcaff70129ff4119feec97f1137c98b1830d99f861	@test z_complex ≈ [-14.4859375, -24.2375] atol = 1e-12	LITERALCG	mpi_issue179_literal_operator::issue179_literal_two_rank_cg_products	LIVE_HISTORICAL_LITERAL	Exact inherited two-rank real/complex root poison and product operands; latest proof b0fda+overlay short28851 not currentmain/model solver parity.
M1368	test/mpi/mpi_weight_average_smoke.jl	27	ddc10748fa33e49b85c55bc28544cc2410bd08589ab4330f88d1a3e2a9ee81d3	@assert state.energy.wc == expected_wc	WEIGHT2	mpi_issue179_collectives::issue179_collectives	RELATED_NOT_EQUIVALENT	Literal normalized energy fields10/100/2/3 and wc3 not checked by integer/global generic reduction gate.
M1369	test/mpi/mpi_weight_average_smoke.jl	28	ddc10748fa33e49b85c55bc28544cc2410bd08589ab4330f88d1a3e2a9ee81d3	@assert state.energy.etot ≈ 10.0 + 0.0im	WEIGHT2	mpi_issue179_collectives::issue179_collectives	RELATED_NOT_EQUIVALENT	Literal normalized energy fields10/100/2/3 and wc3 not checked by integer/global generic reduction gate.
M1370	test/mpi/mpi_weight_average_smoke.jl	29	ddc10748fa33e49b85c55bc28544cc2410bd08589ab4330f88d1a3e2a9ee81d3	@assert state.energy.etot2 ≈ 100.0 + 0.0im	WEIGHT2	mpi_issue179_collectives::issue179_collectives	RELATED_NOT_EQUIVALENT	Literal normalized energy fields10/100/2/3 and wc3 not checked by integer/global generic reduction gate.
M1371	test/mpi/mpi_weight_average_smoke.jl	30	ddc10748fa33e49b85c55bc28544cc2410bd08589ab4330f88d1a3e2a9ee81d3	@assert state.energy.sztot ≈ 2.0 + 0.0im	WEIGHT2	mpi_issue179_collectives::issue179_collectives	RELATED_NOT_EQUIVALENT	Literal normalized energy fields10/100/2/3 and wc3 not checked by integer/global generic reduction gate.
M1372	test/mpi/mpi_weight_average_smoke.jl	31	ddc10748fa33e49b85c55bc28544cc2410bd08589ab4330f88d1a3e2a9ee81d3	@assert state.energy.sztot2 ≈ 3.0 + 0.0im	WEIGHT2	mpi_issue179_collectives::issue179_collectives	RELATED_NOT_EQUIVALENT	Literal normalized energy fields10/100/2/3 and wc3 not checked by integer/global generic reduction gate.
M1373	test/mpi/run_mpi_smoke.jl	46	dc5b078a3e0424d90d866e59aa0c868652d099481ef52196f9a9fa99b50ceeea	@test isfile(joinpath(dir, name))	FILESETS	NONE_IDENTIFIED	GAP	Helper invoked by multiple scenario families; expand para-opt6/PhysCal5 filenames and all callers; generic file existence insufficient.
M1374	test/mpi/run_mpi_smoke.jl	55	dc5b078a3e0424d90d866e59aa0c868652d099481ef52196f9a9fa99b50ceeea	@test length(actual) == length(expected)	GROUPCOMPARE	NONE_IDENTIFIED	GAP	Expand caller fixture/store/world fields; historical1e-8/5e-8 maxdiff bounds not adopted or same-configuration repeatability.
M1375	test/mpi/run_mpi_smoke.jl	58	dc5b078a3e0424d90d866e59aa0c868652d099481ef52196f9a9fa99b50ceeea	@test maxdiff <= atol	GROUPCOMPARE	NONE_IDENTIFIED	GAP	Expand caller fixture/store/world fields; historical1e-8/5e-8 maxdiff bounds not adopted or same-configuration repeatability.
M1376	test/mpi/run_mpi_smoke.jl	73	dc5b078a3e0424d90d866e59aa0c868652d099481ef52196f9a9fa99b50ceeea	@test length(readlines(joinpath(mpi_dir, "zvo_out.dat"))) == 1	IDENTITY1	NONE_IDENTIFIED	GAP	Exact1row and root/non-root label counts for all identityQP caller combinations not mapped.
M1377	test/mpi/run_mpi_smoke.jl	75	dc5b078a3e0424d90d866e59aa0c868652d099481ef52196f9a9fa99b50ceeea	@test count("$label root rank ok", out) == 1	IDENTITY1	NONE_IDENTIFIED	GAP	Exact1row and root/non-root label counts for all identityQP caller combinations not mapped.
M1378	test/mpi/run_mpi_smoke.jl	76	dc5b078a3e0424d90d866e59aa0c868652d099481ef52196f9a9fa99b50ceeea	@test count("$label non-root rank ok", out) == nranks - 1	IDENTITY1	NONE_IDENTIFIED	GAP	Exact1row and root/non-root label counts for all identityQP caller combinations not mapped.
M1379	test/mpi/run_mpi_smoke.jl	99	dc5b078a3e0424d90d866e59aa0c868652d099481ef52196f9a9fa99b50ceeea	@test count("$label root rank ok", out) == 1	STANDARD1	NONE_IDENTIFIED	GAP	Exact root/non-root labels for all standard projection caller combinations not mapped.
M1380	test/mpi/run_mpi_smoke.jl	100	dc5b078a3e0424d90d866e59aa0c868652d099481ef52196f9a9fa99b50ceeea	@test count("$label non-root rank ok", out) == nranks - 1	STANDARD1	NONE_IDENTIFIED	GAP	Exact root/non-root labels for all standard projection caller combinations not mapped.
M1381	test/mpi/run_mpi_smoke.jl	121	dc5b078a3e0424d90d866e59aa0c868652d099481ef52196f9a9fa99b50ceeea	@test count("$label root rank ok", out) == 1	PHYSCALGROUP	NONE_IDENTIFIED	GAP	Exact root/non-root labels for real/cmp grouped PhysCal not mapped.
M1382	test/mpi/run_mpi_smoke.jl	122	dc5b078a3e0424d90d866e59aa0c868652d099481ef52196f9a9fa99b50ceeea	@test count("$label non-root rank ok", out) == nranks - 1	PHYSCALGROUP	NONE_IDENTIFIED	GAP	Exact root/non-root labels for real/cmp grouped PhysCal not mapped.
M1383	test/mpi/run_mpi_smoke.jl	138	dc5b078a3e0424d90d866e59aa0c868652d099481ef52196f9a9fa99b50ceeea	@test !isempty(readdir(serial_dir))	REAL4FILES	NONE_IDENTIFIED	GAP	Serial nonempty/world2 same file set/4rows/min2fields exact scenario not mapped.
M1384	test/mpi/run_mpi_smoke.jl	145	dc5b078a3e0424d90d866e59aa0c868652d099481ef52196f9a9fa99b50ceeea	@test sort(readdir(serial_dir)) == sort(readdir(mpi_dir))	REAL4FILES	NONE_IDENTIFIED	GAP	Serial nonempty/world2 same file set/4rows/min2fields exact scenario not mapped.
M1385	test/mpi/run_mpi_smoke.jl	147	dc5b078a3e0424d90d866e59aa0c868652d099481ef52196f9a9fa99b50ceeea	@test length(zvo_lines) == 4	REAL4FILES	NONE_IDENTIFIED	GAP	Serial nonempty/world2 same file set/4rows/min2fields exact scenario not mapped.
M1386	test/mpi/run_mpi_smoke.jl	148	dc5b078a3e0424d90d866e59aa0c868652d099481ef52196f9a9fa99b50ceeea	@test all(line -> length(split(strip(line))) >= 2, zvo_lines)	REAL4FILES	NONE_IDENTIFIED	GAP	Serial nonempty/world2 same file set/4rows/min2fields exact scenario not mapped.
M1387	test/mpi/run_mpi_smoke.jl	155	dc5b078a3e0424d90d866e59aa0c868652d099481ef52196f9a9fa99b50ceeea	@test count("weight-average worker: root rank ok", out) == 1	WEIGHT2LOG	NONE_IDENTIFIED	GAP	Root/non-root message multiplicity is not a Rust ABI contract; equivalent root-only ownership observability needed.
M1388	test/mpi/run_mpi_smoke.jl	156	dc5b078a3e0424d90d866e59aa0c868652d099481ef52196f9a9fa99b50ceeea	@test count("weight-average worker: non-root rank ok", out) == 1	WEIGHT2LOG	NONE_IDENTIFIED	GAP	Root/non-root message multiplicity is not a Rust ABI contract; equivalent root-only ownership observability needed.
M1389	test/mpi/run_mpi_smoke.jl	165	dc5b078a3e0424d90d866e59aa0c868652d099481ef52196f9a9fa99b50ceeea	@test length(zvo_lines) == 4	HUBBARD4FILES	NONE_IDENTIFIED	GAP	Exact Hubbard4 rows/min2fields/root-nonroot message counts not mapped.
M1390	test/mpi/run_mpi_smoke.jl	166	dc5b078a3e0424d90d866e59aa0c868652d099481ef52196f9a9fa99b50ceeea	@test all(line -> length(split(strip(line))) >= 2, zvo_lines)	HUBBARD4FILES	NONE_IDENTIFIED	GAP	Exact Hubbard4 rows/min2fields/root-nonroot message counts not mapped.
M1391	test/mpi/run_mpi_smoke.jl	167	dc5b078a3e0424d90d866e59aa0c868652d099481ef52196f9a9fa99b50ceeea	@test count("hubbard worker: root rank ok", out) == 1	HUBBARD4FILES	NONE_IDENTIFIED	GAP	Exact Hubbard4 rows/min2fields/root-nonroot message counts not mapped.
M1392	test/mpi/run_mpi_smoke.jl	168	dc5b078a3e0424d90d866e59aa0c868652d099481ef52196f9a9fa99b50ceeea	@test count("hubbard worker: non-root rank ok", out) == 1	HUBBARD4FILES	NONE_IDENTIFIED	GAP	Exact Hubbard4 rows/min2fields/root-nonroot message counts not mapped.
M1393	test/mpi/run_mpi_smoke.jl	179	dc5b078a3e0424d90d866e59aa0c868652d099481ef52196f9a9fa99b50ceeea	@test count("Weight Wc is too small after MPI allreduce", out) == 1	WEIGHTZERO	NONE_IDENTIFIED	GAP	Independent C tiny-weight warning authority and actual root-only warning test required; never manufacture harness warning.
M1394	test/mpi/run_mpi_smoke.jl	180	dc5b078a3e0424d90d866e59aa0c868652d099481ef52196f9a9fa99b50ceeea	@test count("weight-average worker: root rank ok", out) == 1	WEIGHTZERO	NONE_IDENTIFIED	GAP	Independent C tiny-weight warning authority and actual root-only warning test required; never manufacture harness warning.
M1395	test/mpi/run_mpi_smoke.jl	181	dc5b078a3e0424d90d866e59aa0c868652d099481ef52196f9a9fa99b50ceeea	@test count("weight-average worker: non-root rank ok", out) == 1	WEIGHTZERO	NONE_IDENTIFIED	GAP	Independent C tiny-weight warning authority and actual root-only warning test required; never manufacture harness warning.
M1396	test/mpi/run_mpi_smoke.jl	187	dc5b078a3e0424d90d866e59aa0c868652d099481ef52196f9a9fa99b50ceeea	@test count("srcg-operate worker: root rank ok", out) == 1	LITERALCGLOG	mpi_issue179_literal_operator::issue179_literal_two_rank_cg_products	API_DIFFERENCE_OR_GAP	Actual two-rank literal passes on both ranks; Rust libtest PASS lines are not worker-specific Julia stdout messages.
M1397	test/mpi/run_mpi_smoke.jl	188	dc5b078a3e0424d90d866e59aa0c868652d099481ef52196f9a9fa99b50ceeea	@test count("srcg-operate worker: non-root rank ok", out) == 1	LITERALCGLOG	mpi_issue179_literal_operator::issue179_literal_two_rank_cg_products	API_DIFFERENCE_OR_GAP	Actual two-rank literal passes on both ranks; Rust libtest PASS lines are not worker-specific Julia stdout messages.
M1398	test/mpi/run_mpi_smoke.jl	196	dc5b078a3e0424d90d866e59aa0c868652d099481ef52196f9a9fa99b50ceeea	@test isfile(joinpath(mpi_dir, "zvo_SRinfo.dat"))	CREFCGFILES	NONE_IDENTIFIED	GAP	Exact SRinfo file presence and root/non-root public-result messages need e2e proof, not fixed-operand operator.
M1399	test/mpi/run_mpi_smoke.jl	197	dc5b078a3e0424d90d866e59aa0c868652d099481ef52196f9a9fa99b50ceeea	@test count("srcg-e2e worker: root rank ok", out) == 1	CREFCGFILES	NONE_IDENTIFIED	GAP	Exact SRinfo file presence and root/non-root public-result messages need e2e proof, not fixed-operand operator.
M1400	test/mpi/run_mpi_smoke.jl	198	dc5b078a3e0424d90d866e59aa0c868652d099481ef52196f9a9fa99b50ceeea	@test count("srcg-e2e worker: non-root rank ok", out) == 1	CREFCGFILES	NONE_IDENTIFIED	GAP	Exact SRinfo file presence and root/non-root public-result messages need e2e proof, not fixed-operand operator.
M1401	test/mpi/run_mpi_smoke.jl	205	dc5b078a3e0424d90d866e59aa0c868652d099481ef52196f9a9fa99b50ceeea	@test count("failure-mode worker: nsrcg2 expected rejection ok", out) == 2	REJECT1401	runtime_contract::grouped_runtime_matrix_accepts_normal_physcal_and_rejects_unsupported_scopes; grouped_opttrans_rejection_matches_canonical_support_matrix_without_rng_use	RELATED_NOT_EQUIVALENT	Capability guard not C-invalid input; exact two-rank pre-MPI-init/no-output/each-rank error text execution absent from this mapping; callback failure is post-init.
M1402	test/mpi/run_mpi_smoke.jl	206	dc5b078a3e0424d90d866e59aa0c868652d099481ef52196f9a9fa99b50ceeea	@test isempty(readdir(outdir))	REJECT1402	runtime_contract::grouped_runtime_matrix_accepts_normal_physcal_and_rejects_unsupported_scopes; grouped_opttrans_rejection_matches_canonical_support_matrix_without_rng_use	RELATED_NOT_EQUIVALENT	Capability guard not C-invalid input; exact two-rank pre-MPI-init/no-output/each-rank error text execution absent from this mapping; callback failure is post-init.
M1403	test/mpi/run_mpi_smoke.jl	213	dc5b078a3e0424d90d866e59aa0c868652d099481ef52196f9a9fa99b50ceeea	@test count("failure-mode worker: nsplit_srcg expected rejection ok", out) == 2	REJECT1403	runtime_contract::grouped_runtime_matrix_accepts_normal_physcal_and_rejects_unsupported_scopes; grouped_opttrans_rejection_matches_canonical_support_matrix_without_rng_use	RELATED_NOT_EQUIVALENT	Capability guard not C-invalid input; exact two-rank pre-MPI-init/no-output/each-rank error text execution absent from this mapping; callback failure is post-init.
M1404	test/mpi/run_mpi_smoke.jl	214	dc5b078a3e0424d90d866e59aa0c868652d099481ef52196f9a9fa99b50ceeea	@test isempty(readdir(outdir))	REJECT1404	runtime_contract::grouped_runtime_matrix_accepts_normal_physcal_and_rejects_unsupported_scopes; grouped_opttrans_rejection_matches_canonical_support_matrix_without_rng_use	RELATED_NOT_EQUIVALENT	Capability guard not C-invalid input; exact two-rank pre-MPI-init/no-output/each-rank error text execution absent from this mapping; callback failure is post-init.
M1405	test/mpi/run_mpi_smoke.jl	221	dc5b078a3e0424d90d866e59aa0c868652d099481ef52196f9a9fa99b50ceeea	@test count("failure-mode worker: nsplit_opttrans expected rejection ok", out) == 2	REJECT1405	runtime_contract::grouped_runtime_matrix_accepts_normal_physcal_and_rejects_unsupported_scopes; grouped_opttrans_rejection_matches_canonical_support_matrix_without_rng_use	RELATED_NOT_EQUIVALENT	Capability guard not C-invalid input; exact two-rank pre-MPI-init/no-output/each-rank error text execution absent from this mapping; callback failure is post-init.
M1406	test/mpi/run_mpi_smoke.jl	222	dc5b078a3e0424d90d866e59aa0c868652d099481ef52196f9a9fa99b50ceeea	@test isempty(readdir(outdir))	REJECT1406	runtime_contract::grouped_runtime_matrix_accepts_normal_physcal_and_rejects_unsupported_scopes; grouped_opttrans_rejection_matches_canonical_support_matrix_without_rng_use	RELATED_NOT_EQUIVALENT	Capability guard not C-invalid input; exact two-rank pre-MPI-init/no-output/each-rank error text execution absent from this mapping; callback failure is post-init.
M1407	test/mpi/run_mpi_smoke.jl	229	dc5b078a3e0424d90d866e59aa0c868652d099481ef52196f9a9fa99b50ceeea	@test count("failure-mode worker: nsplit_fsz_projection expected rejection ok", out) == 2	REJECT1407	runtime_contract::grouped_runtime_matrix_accepts_normal_physcal_and_rejects_unsupported_scopes; grouped_opttrans_rejection_matches_canonical_support_matrix_without_rng_use	RELATED_NOT_EQUIVALENT	Capability guard not C-invalid input; exact two-rank pre-MPI-init/no-output/each-rank error text execution absent from this mapping; callback failure is post-init.
M1408	test/mpi/run_mpi_smoke.jl	230	dc5b078a3e0424d90d866e59aa0c868652d099481ef52196f9a9fa99b50ceeea	@test isempty(readdir(outdir))	REJECT1408	runtime_contract::grouped_runtime_matrix_accepts_normal_physcal_and_rejects_unsupported_scopes; grouped_opttrans_rejection_matches_canonical_support_matrix_without_rng_use	RELATED_NOT_EQUIVALENT	Capability guard not C-invalid input; exact two-rank pre-MPI-init/no-output/each-rank error text execution absent from this mapping; callback failure is post-init.
M1409	test/mpi/run_mpi_smoke.jl	340	dc5b078a3e0424d90d866e59aa0c868652d099481ef52196f9a9fa99b50ceeea	@test length(zvo_lines) == 4	REAL4WORLD4	NONE_IDENTIFIED	GAP	World4 exact four-row/min2fields public output missing proof; world2 operator/callback irrelevant.
M1410	test/mpi/run_mpi_smoke.jl	341	dc5b078a3e0424d90d866e59aa0c868652d099481ef52196f9a9fa99b50ceeea	@test all(line -> length(split(strip(line))) >= 2, zvo_lines)	REAL4WORLD4	NONE_IDENTIFIED	GAP	World4 exact four-row/min2fields public output missing proof; world2 operator/callback irrelevant.
M1411	test/mpi/run_mpi_smoke.jl	350	dc5b078a3e0424d90d866e59aa0c868652d099481ef52196f9a9fa99b50ceeea	@test count("Start: Calculate VMC physical quantities.", out) == 1	PHYSREALLOG	NONE_IDENTIFIED	GAP	Public start/end root-only logging and worker result roles missing exact proof.
M1412	test/mpi/run_mpi_smoke.jl	351	dc5b078a3e0424d90d866e59aa0c868652d099481ef52196f9a9fa99b50ceeea	@test count("End  : Calculate VMC physical quantities.", out) == 1	PHYSREALLOG	NONE_IDENTIFIED	GAP	Public start/end root-only logging and worker result roles missing exact proof.
M1413	test/mpi/run_mpi_smoke.jl	352	dc5b078a3e0424d90d866e59aa0c868652d099481ef52196f9a9fa99b50ceeea	@test count("physcal worker: root rank ok", out) == 1	PHYSREALLOG	NONE_IDENTIFIED	GAP	Public start/end root-only logging and worker result roles missing exact proof.
M1414	test/mpi/run_mpi_smoke.jl	353	dc5b078a3e0424d90d866e59aa0c868652d099481ef52196f9a9fa99b50ceeea	@test count("physcal worker: non-root rank ok", out) == 1	PHYSREALLOG	NONE_IDENTIFIED	GAP	Public start/end root-only logging and worker result roles missing exact proof.
M1415	test/mpi/run_mpi_smoke.jl	366	dc5b078a3e0424d90d866e59aa0c868652d099481ef52196f9a9fa99b50ceeea	@test count("Progress of Optimization: 0 %", out) == 1	REAL4LOG	NONE_IDENTIFIED	GAP	Exact root-only progress/output/NPara14 and result role counts; Rust may different log API, requires intentional mapping.
M1416	test/mpi/run_mpi_smoke.jl	367	dc5b078a3e0424d90d866e59aa0c868652d099481ef52196f9a9fa99b50ceeea	@test count("Start: Output opt params.", out) == 1	REAL4LOG	NONE_IDENTIFIED	GAP	Exact root-only progress/output/NPara14 and result role counts; Rust may different log API, requires intentional mapping.
M1417	test/mpi/run_mpi_smoke.jl	368	dc5b078a3e0424d90d866e59aa0c868652d099481ef52196f9a9fa99b50ceeea	@test count("NPara=14", out) == 1	REAL4LOG	NONE_IDENTIFIED	GAP	Exact root-only progress/output/NPara14 and result role counts; Rust may different log API, requires intentional mapping.
M1418	test/mpi/run_mpi_smoke.jl	369	dc5b078a3e0424d90d866e59aa0c868652d099481ef52196f9a9fa99b50ceeea	@test count("worker: non-root rank ok", out) == 1	REAL4LOG	NONE_IDENTIFIED	GAP	Exact root-only progress/output/NPara14 and result role counts; Rust may different log API, requires intentional mapping.
M1419	test/mpi/run_mpi_smoke.jl	370	dc5b078a3e0424d90d866e59aa0c868652d099481ef52196f9a9fa99b50ceeea	@test count("worker: root rank ok", out) == 1	REAL4LOG	NONE_IDENTIFIED	GAP	Exact root-only progress/output/NPara14 and result role counts; Rust may different log API, requires intentional mapping.
M1420	test/mpi/run_mpi_smoke.jl	378	dc5b078a3e0424d90d866e59aa0c868652d099481ef52196f9a9fa99b50ceeea	@test proc.exitcode != 0	GUARDEDSERIAL	verify_mpi_issue179_no_feature.sh; verify_mpi_issue179_cli_policy.sh	API_DIFFERENCE_OR_GAP	Julia explicit flag0 abort != Rust no-feature multi-rank refusal; bounded no-feature proof is separate feature availability contract.
M1421	test/mpi/run_mpi_smoke.jl	386	dc5b078a3e0424d90d866e59aa0c868652d099481ef52196f9a9fa99b50ceeea	@test count("worker: root rank ok", out) == 1	FORCEDSINGLETON	mpi_issue179_physcal_singleton::issue179_grouped_physcal_singleton_is_accepted_and_repeatable	RELATED_NOT_EQUIVALENT	Julia explicit flag1 no-launch forcedMPI is distinct from Rust actual MPI-context singleton/group comm; exact policy not claimed.
