model,implementation,ranks,threads,blas_threads,rep,steps,samples_per_rank,total_samples_per_step,seconds,final_energy_per_site,observed_workers_min,observed_workers_max
L16,rust,1,4,1,1,300,300,300,3.109837688,-0.5418807042567215,0,0
L16,rust,1,4,1,2,300,300,300,3.096962748,-0.5418807042567215,0,0
L16,rust,1,4,1,3,300,300,300,3.089666073,-0.5418807042567215,0,0
L16,julia,1,4,1,1,300,300,300,4.876528206,-0.5418807042567221,4,4
L16,julia,1,4,1,2,300,300,300,4.874976221,-0.5418807042567221,4,4
L16,julia,1,4,1,3,300,300,300,4.873635176,-0.5418807042567221,4,4
L16,rust,2,2,1,1,300,150,300,1.669359204,-0.5440664390138432,0,0
L16,rust,2,2,1,2,300,150,300,1.675598556,-0.5440664390138432,0,0
L16,rust,2,2,1,3,300,150,300,1.671098195,-0.5440664390138432,0,0
L16,julia,2,2,1,1,300,150,300,2.871830941,-0.5440664390138433,2,2
L16,julia,2,2,1,2,300,150,300,2.877716632,-0.5440664390138433,2,2
L16,julia,2,2,1,3,300,150,300,2.865804534,-0.5440664390138433,2,2
L16,rust,4,1,1,1,300,75,300,0.965588752,-0.5392113432171822,0,0
L16,rust,4,1,1,2,300,75,300,0.964599551,-0.5392113432171822,0,0
L16,rust,4,1,1,3,300,75,300,0.968581883,-0.5392113432171822,0,0
L16,julia,4,1,1,1,300,75,300,1.738505638,-0.5392113432171823,1,1
L16,julia,4,1,1,2,300,75,300,1.72290943,-0.5392113432171823,1,1
L16,julia,4,1,1,3,300,75,300,1.715235952,-0.5392113432171823,1,1
L24,rust,1,4,1,1,300,300,300,6.409267348,-0.5592391777740645,0,0
L24,rust,1,4,1,2,300,300,300,6.399357194,-0.5592391777740645,0,0
L24,rust,1,4,1,3,300,300,300,6.38133069,-0.5592391777740645,0,0
L24,julia,1,4,1,1,300,300,300,9.368180064,-0.5592391777740648,4,4
L24,julia,1,4,1,2,300,300,300,9.418529767,-0.5592391777740648,4,4
L24,julia,1,4,1,3,300,300,300,9.477979545,-0.5592391777740648,4,4
L24,rust,2,2,1,1,300,150,300,3.419888978,-0.5625309100306097,0,0
L24,rust,2,2,1,2,300,150,300,3.428100548,-0.5625309100306097,0,0
L24,rust,2,2,1,3,300,150,300,3.414551096,-0.5625309100306097,0,0
L24,julia,2,2,1,1,300,150,300,5.589935645,-0.5625309100306101,2,2
L24,julia,2,2,1,2,300,150,300,5.551135046,-0.5625309100306101,2,2
L24,julia,2,2,1,3,300,150,300,5.464218549,-0.5625309100306101,2,2
L24,rust,4,1,1,1,300,75,300,2.024683813,-0.5573122614586408,0,0
L24,rust,4,1,1,2,300,75,300,2.029292031,-0.5573122614586408,0,0
L24,rust,4,1,1,3,300,75,300,2.02860271,-0.5573122614586408,0,0
L24,julia,4,1,1,1,300,75,300,3.460234915,-0.5573122614586408,1,1
L24,julia,4,1,1,2,300,75,300,3.463842713,-0.5573122614586408,1,1
L24,julia,4,1,1,3,300,75,300,3.462333365,-0.5573122614586408,1,1
L32,rust,1,4,1,1,300,300,300,11.913008553,-0.49625239844296976,0,0
L32,rust,1,4,1,2,300,300,300,11.93256949,-0.49625239844296976,0,0
L32,rust,1,4,1,3,300,300,300,11.865808121,-0.49625239844296976,0,0
L32,julia,1,4,1,1,300,300,300,16.772030146,-0.49625239844297164,4,4
L32,julia,1,4,1,2,300,300,300,16.615545131,-0.49625239844297164,4,4
L32,julia,1,4,1,3,300,300,300,16.807614277,-0.49625239844297164,4,4
L32,rust,2,2,1,1,300,150,300,6.393017857,-0.44069403920152606,0,0
L32,rust,2,2,1,2,300,150,300,6.420521322,-0.44069403920152606,0,0
L32,rust,2,2,1,3,300,150,300,6.407206981,-0.44069403920152606,0,0
L32,julia,2,2,1,1,300,150,300,9.616060647,-0.44069403920152606,2,2
L32,julia,2,2,1,2,300,150,300,9.497597677,-0.44069403920152606,2,2
L32,julia,2,2,1,3,300,150,300,9.806468407,-0.44069403920152606,2,2
L32,rust,4,1,1,1,300,75,300,3.84836432,-0.5263232003202877,0,0
L32,rust,4,1,1,2,300,75,300,3.837171227,-0.5263232003202877,0,0
L32,rust,4,1,1,3,300,75,300,3.838643275,-0.5263232003202877,0,0
L32,julia,4,1,1,1,300,75,300,6.035220554,-0.5263232003202876,1,1
L32,julia,4,1,1,2,300,75,300,5.934062282,-0.5263232003202876,1,1
L32,julia,4,1,1,3,300,75,300,6.131076769,-0.5263232003202876,1,1
