model,implementation,ranks,rep,steps,samples_per_rank,total_samples_per_step,seconds,final_energy_per_site
L16,rust,1,1,300,300,300,3.100690596,-0.5418807042567215
L16,rust,1,2,300,300,300,3.096840364,-0.5418807042567215
L16,rust,1,3,300,300,300,3.097568678,-0.5418807042567215
L16,julia,1,1,300,300,300,4.225680274,-0.5418807042567212
L16,julia,1,2,300,300,300,4.242181037,-0.5418807042567212
L16,julia,1,3,300,300,300,4.22206956,-0.5418807042567212
L24,rust,1,1,300,300,300,6.463536542,-0.5592391777740645
L24,rust,1,2,300,300,300,6.448072012,-0.5592391777740645
L24,rust,1,3,300,300,300,6.446388158,-0.5592391777740645
L24,julia,1,1,300,300,300,8.89740548,-0.5592391777740636
L24,julia,1,2,300,300,300,8.894547188,-0.5592391777740636
L24,julia,1,3,300,300,300,8.765027907,-0.5592391777740636
L32,rust,1,1,300,300,300,11.900051305,-0.49625239844296976
L32,rust,1,2,300,300,300,11.938193255,-0.49625239844296976
L32,rust,1,3,300,300,300,11.941633108,-0.49625239844296976
L32,julia,1,1,300,300,300,15.670092045,-0.4962523984429714
L32,julia,1,2,300,300,300,15.684777784,-0.4962523984429714
L32,julia,1,3,300,300,300,15.838178735,-0.4962523984429714
L16,rust,4,1,300,300,1200,3.270096898,-0.5433134946068536
L16,rust,4,2,300,300,1200,3.279171496,-0.5433134946068536
L16,rust,4,3,300,300,1200,3.274225177,-0.5433134946068536
L16,julia,4,1,300,300,1200,4.78282518,-0.5433134946068536
L16,julia,4,2,300,300,1200,4.741622651,-0.5433134946068536
L16,julia,4,3,300,300,1200,4.749860086,-0.5433134946068536
L24,rust,4,1,300,300,1200,7.001656194,-0.5647720067443218
L24,rust,4,2,300,300,1200,6.978696233,-0.5647720067443218
L24,rust,4,3,300,300,1200,6.97764103,-0.5647720067443218
L24,julia,4,1,300,300,1200,9.579302747,-0.5647720067443218
L24,julia,4,2,300,300,1200,9.56484005,-0.5647720067443218
L24,julia,4,3,300,300,1200,9.54191551,-0.5647720067443218
L32,rust,4,1,300,300,1200,13.073003884,-0.5085370442754309
L32,rust,4,2,300,300,1200,13.099038386,-0.5085370442754309
L32,rust,4,3,300,300,1200,13.069339201,-0.5085370442754309
L32,julia,4,1,300,300,1200,16.938037533,-0.5085370442754309
L32,julia,4,2,300,300,1200,16.949307536,-0.5085370442754309
L32,julia,4,3,300,300,1200,17.099276849,-0.5085370442754309
