workload,sites,implementation,rep,seconds
Opt,32,C,1,6.60406
Opt,32,C,2,5.85971
Opt,32,C,3,5.74105
Opt,32,Julia,1,6.012361557
Opt,32,Julia,2,5.946458631
Opt,32,Julia,3,6.067602536
Opt,32,Rust,1,4.738957465
Opt,32,Rust,2,4.739087344
Opt,32,Rust,3,4.802377868
PhysCal,32,C,1,2.21995
PhysCal,32,C,2,2.2298
PhysCal,32,C,3,2.18774
PhysCal,32,Julia,1,2.580182573
PhysCal,32,Julia,2,2.334966524
PhysCal,32,Julia,3,2.339800082
PhysCal,32,Rust,1,2.088635021
PhysCal,32,Rust,2,2.095022973
PhysCal,32,Rust,3,2.11085936
Opt,64,C,1,17.83817
Opt,64,C,2,17.49057
Opt,64,C,3,17.63523
Opt,64,Julia,1,19.50224882
Opt,64,Julia,2,19.715454227
Opt,64,Julia,3,19.840110769
Opt,64,Rust,1,18.201190603
Opt,64,Rust,2,18.28561923
Opt,64,Rust,3,18.338723254
PhysCal,64,C,1,8.21859
PhysCal,64,C,2,8.23754
PhysCal,64,C,3,8.27614
PhysCal,64,Julia,1,8.250117167
PhysCal,64,Julia,2,8.185043079
PhysCal,64,Julia,3,8.286697566
PhysCal,64,Rust,1,7.570325365
PhysCal,64,Rust,2,7.557637236
PhysCal,64,Rust,3,7.554862567
