binary,n_site,rep,internal_seconds,load1,zvo_out_md5_8,zqp_opt_md5_8
before,16,1,12.96,1.62,face232d,5c5f1ed1
after,16,1,8.56,1.57,face232d,5c5f1ed1
before,24,1,27.92,1.34,06516341,5da59674
after,24,1,18.79,1.24,06516341,5da59674
before,32,1,50.85,1.10,7eaf63b8,3e12c173
after,32,1,34.78,1.06,7eaf63b8,3e12c173
before,16,2,12.98,1.04,face232d,5c5f1ed1
after,16,2,8.60,1.04,face232d,5c5f1ed1
before,24,2,27.92,1.02,06516341,5da59674
after,24,2,18.75,1.02,06516341,5da59674
before,32,2,50.23,1.00,7eaf63b8,3e12c173
after,32,2,35.04,1.19,7eaf63b8,3e12c173
before,16,3,12.94,1.16,face232d,5c5f1ed1
after,16,3,8.60,1.14,face232d,5c5f1ed1
before,24,3,27.88,1.15,06516341,5da59674
after,24,3,18.77,1.12,06516341,5da59674
before,32,3,51.00,1.04,7eaf63b8,3e12c173
after,32,3,34.81,1.03,7eaf63b8,3e12c173
before,16,4,13.02,0.95,face232d,5c5f1ed1
after,16,4,8.59,0.96,face232d,5c5f1ed1
before,24,4,27.78,0.97,06516341,5da59674
after,24,4,18.79,1.05,06516341,5da59674
before,32,4,50.73,1.08,7eaf63b8,3e12c173
after,32,4,35.15,1.17,7eaf63b8,3e12c173
before,16,5,12.94,1.13,face232d,5c5f1ed1
after,16,5,8.64,1.11,face232d,5c5f1ed1
before,24,5,27.73,1.07,06516341,5da59674
after,24,5,18.71,1.05,06516341,5da59674
before,32,5,50.41,1.02,7eaf63b8,3e12c173
after,32,5,34.78,1.01,7eaf63b8,3e12c173
