rep,L,impl,seconds,load1,zvo_out_md5,zqp_opt_md5,final_energy
1,16,base,8.62,1.25,face232dee4e,31bae113da4a,-0.5418807043
1,16,new,7.16,1.21,face232dee4e,31bae113da4a,-0.5418807043
1,24,base,18.97,1.18,06516341a9eb,19cc6546b910,-0.5592391778
1,24,new,15.54,1.14,06516341a9eb,19cc6546b910,-0.5592391778
1,32,base,34.98,1.10,7eaf63b8a012,9f24ef36a2c3,-0.4962523984
1,32,new,29.02,1.05,7eaf63b8a012,9f24ef36a2c3,-0.4962523984
2,16,base,8.69,1.04,face232dee4e,31bae113da4a,-0.5418807043
2,16,new,7.12,1.03,face232dee4e,31bae113da4a,-0.5418807043
2,24,base,19.02,1.11,06516341a9eb,19cc6546b910,-0.5592391778
2,24,new,15.70,1.08,06516341a9eb,19cc6546b910,-0.5592391778
2,32,base,34.90,1.21,7eaf63b8a012,9f24ef36a2c3,-0.4962523984
2,32,new,28.73,1.12,7eaf63b8a012,9f24ef36a2c3,-0.4962523984
3,16,base,8.63,1.07,face232dee4e,31bae113da4a,-0.5418807043
3,16,new,7.08,1.06,face232dee4e,31bae113da4a,-0.5418807043
3,24,base,18.85,1.05,06516341a9eb,19cc6546b910,-0.5592391778
3,24,new,15.63,1.04,06516341a9eb,19cc6546b910,-0.5592391778
3,32,base,34.83,1.11,7eaf63b8a012,9f24ef36a2c3,-0.4962523984
3,32,new,28.60,1.13,7eaf63b8a012,9f24ef36a2c3,-0.4962523984
4,16,base,8.61,1.08,face232dee4e,31bae113da4a,-0.5418807043
4,16,new,7.08,1.06,face232dee4e,31bae113da4a,-0.5418807043
4,24,base,18.88,1.06,06516341a9eb,19cc6546b910,-0.5592391778
4,24,new,15.53,1.04,06516341a9eb,19cc6546b910,-0.5592391778
4,32,base,34.64,1.03,7eaf63b8a012,9f24ef36a2c3,-0.4962523984
4,32,new,28.70,1.02,7eaf63b8a012,9f24ef36a2c3,-0.4962523984
5,16,base,8.64,1.01,face232dee4e,31bae113da4a,-0.5418807043
5,16,new,7.08,1.01,face232dee4e,31bae113da4a,-0.5418807043
5,24,base,18.73,1.01,06516341a9eb,19cc6546b910,-0.5592391778
5,24,new,15.58,1.00,06516341a9eb,19cc6546b910,-0.5592391778
5,32,base,34.93,1.00,7eaf63b8a012,9f24ef36a2c3,-0.4962523984
5,32,new,29.67,1.08,7eaf63b8a012,9f24ef36a2c3,-0.4962523984
