rep,L,impl,All,recalPfM34,CalcMAll40,UpdateMAll63,VMCMainCal4,load1
1,16,c,0.81377,0.10312,0.29475,0.13347,0.42068,2.59
1,16,base,0.77809,0.12315,0.34056,0.09638,0.44184,2.62
1,16,new,0.63023,0.08682,0.24193,0.09354,0.33847,2.62
1,24,c,1.64880,0.21319,0.62806,0.33216,0.85015,2.62
1,24,base,1.62614,0.26208,0.73604,0.25205,0.91695,2.62
1,24,new,1.36220,0.19222,0.54984,0.25048,0.72968,2.65
1,32,c,2.95688,0.37915,1.13900,0.69192,1.50443,2.65
1,32,base,2.99280,0.48138,1.34737,0.54502,1.65500,2.60
1,32,new,2.51227,0.35443,0.99265,0.54473,1.29872,2.60
2,16,c,0.83033,0.10524,0.30154,0.13589,0.42960,2.47
2,16,base,0.74978,0.11997,0.32697,0.09328,0.42470,2.47
2,16,new,0.62285,0.08565,0.24029,0.09216,0.33551,2.47
2,24,c,1.70772,0.22230,0.64367,0.34665,0.87198,2.47
2,24,base,1.62034,0.26050,0.73975,0.24847,0.92014,2.44
2,24,new,1.35847,0.19271,0.54509,0.24974,0.72529,2.44
2,32,c,2.90139,0.37596,1.11476,0.68691,1.46603,2.32
2,32,base,2.97014,0.48039,1.34141,0.54010,1.64024,2.32
2,32,new,2.52955,0.35850,1.00335,0.54827,1.31296,2.21
3,16,c,0.86050,0.10965,0.31148,0.14272,0.44311,2.21
3,16,base,0.75048,0.11938,0.32818,0.09337,0.42548,2.12
3,16,new,0.62028,0.08579,0.23783,0.09204,0.33306,2.12
3,24,c,1.67572,0.21706,0.63337,0.33812,0.86205,2.12
3,24,base,1.64311,0.26260,0.74960,0.25155,0.93355,2.12
3,24,new,1.35336,0.19088,0.54659,0.24618,0.72711,2.03
3,32,c,2.92622,0.37889,1.12067,0.69252,1.47638,2.03
3,32,base,3.00682,0.48096,1.36082,0.53967,1.67659,1.94
3,32,new,2.49304,0.35212,0.98790,0.53841,1.28761,1.94
4,16,c,0.80511,0.10347,0.29296,0.13206,0.41541,1.87
4,16,base,0.74419,0.11730,0.32755,0.09163,0.42540,1.87
4,16,new,0.63475,0.08880,0.24041,0.09487,0.33824,1.87
4,24,c,1.66020,0.21560,0.63138,0.33586,0.85338,1.87
4,24,base,1.64667,0.26564,0.74892,0.25311,0.93329,1.80
4,24,new,1.35391,0.19166,0.54347,0.25043,0.72149,1.80
4,32,c,2.90608,0.37570,1.12004,0.68594,1.47136,1.80
4,32,base,3.00275,0.48369,1.35299,0.54810,1.66075,1.73
4,32,new,2.48384,0.34850,0.98682,0.53523,1.28811,1.68
5,16,c,0.88116,0.11061,0.31624,0.14462,0.45191,1.68
5,16,base,0.74369,0.11756,0.32672,0.09125,0.42385,1.68
5,16,new,0.62667,0.08648,0.23970,0.09327,0.33673,1.62
5,24,c,1.66045,0.21542,0.62626,0.33632,0.85073,1.62
5,24,base,1.66776,0.26916,0.75636,0.25730,0.94408,1.62
5,24,new,1.34621,0.18912,0.54405,0.24665,0.72445,1.62
5,32,c,2.95324,0.38502,1.12454,0.69559,1.48946,1.57
5,32,base,2.96128,0.47953,1.33805,0.53934,1.63539,1.57
5,32,new,2.47057,0.34968,0.98935,0.53209,1.28478,1.53
