binary,n_size,inner_workers,rep,wall_s,load1,zvo_out_md5_8
before,16,1,1,1.057261030,1.27,9dc5a650
after,16,1,1,1.028068652,1.25,9dc5a650
before,16,2,1,1.862851124,1.25,9dc5a650
after,16,2,1,1.297042166,1.25,9dc5a650
before,16,4,1,2.085383735,1.55,9dc5a650
after,16,4,1,1.033597719,1.55,9dc5a650
before,16,1,2,1.041342454,1.55,9dc5a650
after,16,1,2,1.020690421,1.55,9dc5a650
before,16,2,2,1.912679873,1.50,9dc5a650
after,16,2,2,1.056241490,1.50,9dc5a650
before,16,4,2,2.113529811,1.50,9dc5a650
after,16,4,2,1.281157854,1.46,9dc5a650
before,16,1,3,1.031062882,1.46,9dc5a650
after,16,1,3,1.036038814,1.46,9dc5a650
before,16,2,3,2.136657239,1.46,9dc5a650
after,16,2,3,1.041812368,1.42,9dc5a650
before,16,4,3,2.256100634,1.42,9dc5a650
after,16,4,3,1.080935259,1.42,9dc5a650
before,16,1,4,1.031549848,1.39,9dc5a650
after,16,1,4,1.018361099,1.39,9dc5a650
before,16,2,4,1.936032389,1.39,9dc5a650
after,16,2,4,1.038917692,1.39,9dc5a650
before,16,4,4,2.181210452,1.60,9dc5a650
after,16,4,4,1.043499415,1.60,9dc5a650
before,16,1,5,1.104789645,1.60,9dc5a650
after,16,1,5,1.019430733,1.60,9dc5a650
before,16,2,5,1.933591284,1.55,9dc5a650
after,16,2,5,1.036243044,1.55,9dc5a650
before,16,4,5,2.407952145,1.75,9dc5a650
after,16,4,5,1.058383377,1.75,9dc5a650
before,16,1,6,1.037124377,1.75,9dc5a650
after,16,1,6,1.079006083,1.75,9dc5a650
before,16,2,6,1.957408561,1.69,9dc5a650
after,16,2,6,1.021460564,1.69,9dc5a650
before,16,4,6,2.037168382,1.69,9dc5a650
after,16,4,6,1.045233930,1.69,9dc5a650
before,16,1,7,1.066255480,1.71,9dc5a650
after,16,1,7,1.036983770,1.71,9dc5a650
before,16,2,7,1.894188213,1.71,9dc5a650
after,16,2,7,1.070061079,1.71,9dc5a650
before,16,4,7,2.262645124,2.06,9dc5a650
after,16,4,7,1.042962579,2.06,9dc5a650
before,32,1,1,2.213521188,2.05,9af65248
after,32,1,1,2.090433662,2.05,9af65248
before,32,2,1,3.671533663,1.97,9af65248
after,32,2,1,2.190935248,1.97,9af65248
before,32,4,1,4.935179327,1.97,9af65248
after,32,4,1,2.138129311,1.89,9af65248
before,32,1,2,2.129414171,1.89,9af65248
after,32,1,2,2.051774264,1.89,9af65248
before,32,2,2,2.944472339,1.90,9af65248
after,32,2,2,2.061973196,1.90,9af65248
before,32,4,2,3.960291647,2.07,9af65248
after,32,4,2,2.097227781,1.98,9af65248
before,32,1,3,2.062368492,1.98,9af65248
after,32,1,3,2.067899505,1.98,9af65248
before,32,2,3,3.281023243,1.90,9af65248
after,32,2,3,2.115801668,1.83,9af65248
before,32,4,3,4.767569913,1.83,9af65248
after,32,4,3,2.117205233,1.76,9af65248
before,32,1,4,2.045027785,1.76,9af65248
after,32,1,4,2.108581504,1.70,9af65248
before,32,2,4,2.966671750,1.70,9af65248
after,32,2,4,2.318855927,1.65,9af65248
before,32,4,4,3.122170628,1.65,9af65248
after,32,4,4,2.326050621,1.59,9af65248
before,32,1,5,2.058234044,1.59,9af65248
after,32,1,5,2.070412549,1.55,9af65248
before,32,2,5,4.175289223,1.50,9af65248
after,32,2,5,2.111500756,1.50,9af65248
before,32,4,5,3.067822570,1.46,9af65248
after,32,4,5,2.076473842,1.46,9af65248
before,32,1,6,2.053505758,1.46,9af65248
after,32,1,6,2.072094221,1.42,9af65248
before,32,2,6,2.961576934,1.42,9af65248
after,32,2,6,2.062557751,1.39,9af65248
before,32,4,6,4.354192282,1.36,9af65248
after,32,4,6,2.094523362,1.36,9af65248
before,32,1,7,2.083800654,1.33,9af65248
after,32,1,7,2.074238425,1.33,9af65248
before,32,2,7,4.273954368,1.30,9af65248
after,32,2,7,2.305476796,1.30,9af65248
before,32,4,7,3.079544474,1.28,9af65248
after,32,4,7,2.296983273,1.28,9af65248
before,64,1,1,3.936717163,1.26,9b34f574
after,64,1,1,3.968424244,1.24,9b34f574
before,64,2,1,4.729680859,1.22,9b34f574
after,64,2,1,3.986216526,1.20,9b34f574
before,64,4,1,4.600396514,1.18,9b34f574
after,64,4,1,4.018651375,1.18,9b34f574
before,64,1,2,3.974893499,1.17,9b34f574
after,64,1,2,3.929874504,1.15,9b34f574
before,64,2,2,4.953168221,1.14,9b34f574
after,64,2,2,4.049168283,1.13,9b34f574
before,64,4,2,4.645177562,1.12,9b34f574
after,64,4,2,4.048066520,1.11,9b34f574
before,64,1,3,3.977283465,1.11,9b34f574
after,64,1,3,3.968673821,1.10,9b34f574
before,64,2,3,4.814389310,1.17,9b34f574
after,64,2,3,3.944512630,1.16,9b34f574
before,64,4,3,4.601276948,1.15,9b34f574
after,64,4,3,3.950418269,1.13,9b34f574
before,64,1,4,3.922356982,1.13,9b34f574
after,64,1,4,3.946441608,1.12,9b34f574
before,64,2,4,4.900264780,1.19,9b34f574
after,64,2,4,4.202106727,1.18,9b34f574
before,64,4,4,4.598164849,1.16,9b34f574
after,64,4,4,4.021284725,1.15,9b34f574
before,64,1,5,3.976356117,1.14,9b34f574
after,64,1,5,3.966776955,1.14,9b34f574
before,64,2,5,4.969523867,1.13,9b34f574
after,64,2,5,3.983504354,1.12,9b34f574
before,64,4,5,4.623786337,1.11,9b34f574
after,64,4,5,3.990698166,1.10,9b34f574
before,64,1,6,3.896421474,1.09,9b34f574
after,64,1,6,3.928414270,1.09,9b34f574
before,64,2,6,4.857812229,1.08,9b34f574
after,64,2,6,3.962046569,1.08,9b34f574
before,64,4,6,4.647671609,1.07,9b34f574
after,64,4,6,4.109259242,1.06,9b34f574
before,64,1,7,3.943905190,1.06,9b34f574
after,64,1,7,3.945883865,1.05,9b34f574
before,64,2,7,4.889859218,1.05,9b34f574
after,64,2,7,3.964042642,1.05,9b34f574
before,64,4,7,4.533949974,1.04,9b34f574
after,64,4,7,4.104195264,1.04,9b34f574
before,128,1,1,3.768348005,1.04,12ece8a4
after,128,1,1,3.699800321,1.03,12ece8a4
before,128,2,1,4.140705401,1.03,12ece8a4
after,128,2,1,3.890085205,1.03,12ece8a4
before,128,4,1,3.814535905,1.27,12ece8a4
after,128,4,1,3.737194436,1.25,12ece8a4
before,128,1,2,3.718521084,1.25,12ece8a4
after,128,1,2,3.741425240,1.23,12ece8a4
before,128,2,2,4.076791245,1.29,12ece8a4
after,128,2,2,3.865552347,1.27,12ece8a4
before,128,4,2,3.884067330,1.48,12ece8a4
after,128,4,2,3.741722924,1.48,12ece8a4
before,128,1,3,3.715238302,1.45,12ece8a4
after,128,1,3,3.762144667,1.41,12ece8a4
before,128,2,3,4.055038084,1.46,12ece8a4
after,128,2,3,3.783547961,1.46,12ece8a4
before,128,4,3,3.931589019,1.42,12ece8a4
after,128,4,3,3.887497139,1.39,12ece8a4
before,128,1,4,3.772369504,1.44,12ece8a4
after,128,1,4,3.774979856,1.40,12ece8a4
before,128,2,4,4.142788061,1.40,12ece8a4
after,128,2,4,3.761384140,1.37,12ece8a4
before,128,4,4,3.938827740,1.34,12ece8a4
after,128,4,4,3.741734986,1.31,12ece8a4
before,128,1,5,3.723121907,1.31,12ece8a4
after,128,1,5,3.810999723,1.29,12ece8a4
before,128,2,5,3.975823072,1.58,12ece8a4
after,128,2,5,4.008776586,1.54,12ece8a4
before,128,4,5,3.876398451,1.49,12ece8a4
after,128,4,5,3.715188980,1.49,12ece8a4
before,192,1,1,5.605539910,1.53,b3331ca0
after,192,1,1,5.577484311,1.45,b3331ca0
before,192,2,1,5.703996335,1.50,b3331ca0
after,192,2,1,5.614706804,1.46,b3331ca0
before,192,4,1,5.533186342,1.42,b3331ca0
after,192,4,1,4.754420364,1.63,b3331ca0
before,192,1,2,5.915821118,1.58,b3331ca0
after,192,1,2,5.530113354,1.53,b3331ca0
before,192,2,2,5.925077243,1.49,b3331ca0
after,192,2,2,5.545611248,1.45,b3331ca0
before,192,4,2,5.530544734,1.38,b3331ca0
after,192,4,2,4.837972829,1.35,b3331ca0
before,192,1,3,5.688446615,1.32,b3331ca0
after,192,1,3,5.558551240,1.29,b3331ca0
before,192,2,3,5.949345545,1.27,b3331ca0
after,192,2,3,5.660421654,1.25,b3331ca0
before,192,4,3,5.537853735,1.23,b3331ca0
after,192,4,3,4.772860009,1.45,b3331ca0
before,192,1,4,5.594519785,1.41,b3331ca0
after,192,1,4,5.669870436,1.38,b3331ca0
before,192,2,4,5.943463062,1.32,b3331ca0
after,192,2,4,5.916737855,1.30,b3331ca0
before,192,4,4,5.639688987,1.59,b3331ca0
after,192,4,4,4.608307412,1.54,b3331ca0
before,192,1,5,5.825346033,1.50,b3331ca0
after,192,1,5,5.419039588,1.46,b3331ca0
before,192,2,5,5.718059450,1.42,b3331ca0
after,192,2,5,5.606838450,1.39,b3331ca0
before,192,4,5,5.641493722,1.41,b3331ca0
after,192,4,5,4.557174967,1.41,b3331ca0
before,256,1,1,13.107891307,1.39,6e473b83
after,256,1,1,13.465996918,1.38,6e473b83
before,256,2,1,13.366862160,1.48,6e473b83
after,256,2,1,10.188828480,1.56,6e473b83
before,256,4,1,13.363402314,1.68,6e473b83
after,256,4,1,8.141993773,2.11,6e473b83
before,256,1,2,13.658651297,1.94,6e473b83
after,256,1,2,12.847413233,1.66,6e473b83
before,256,2,2,13.791216927,1.51,6e473b83
after,256,2,2,10.452748073,1.59,6e473b83
before,256,4,2,13.212503304,1.70,6e473b83
after,256,4,2,8.367363074,1.64,6e473b83
before,256,1,3,13.053429379,1.57,6e473b83
after,256,1,3,12.812348995,1.65,6e473b83
before,256,2,3,13.826090777,1.58,6e473b83
after,256,2,3,10.552653567,1.79,6e473b83
before,256,4,3,13.402251049,1.61,6e473b83
after,256,4,3,7.902771478,1.98,6e473b83
