rep,L,workers,impl,seconds,load1,zvo_md5,zqp_md5
1,16,1,base,1.04,1.08,5aeacda16748,074156118f56
1,16,1,new,0.86,1.08,5aeacda16748,074156118f56
1,16,2,base,1.04,1.08,5aeacda16748,074156118f56
1,16,2,new,0.86,1.08,5aeacda16748,074156118f56
1,16,4,base,1.03,1.08,5aeacda16748,074156118f56
1,16,4,new,0.87,1.07,5aeacda16748,074156118f56
1,32,1,base,4.25,1.07,b7eb279a0505,d9a07e251dee
1,32,1,new,3.61,1.07,b7eb279a0505,d9a07e251dee
1,32,2,base,4.28,1.07,b7eb279a0505,d9a07e251dee
1,32,2,new,3.57,1.06,b7eb279a0505,d9a07e251dee
1,32,4,base,4.30,1.06,b7eb279a0505,d9a07e251dee
1,32,4,new,3.55,1.05,b7eb279a0505,d9a07e251dee
2,16,1,base,1.04,1.05,5aeacda16748,074156118f56
2,16,1,new,0.86,1.05,5aeacda16748,074156118f56
2,16,2,base,1.05,1.05,5aeacda16748,074156118f56
2,16,2,new,0.85,1.05,5aeacda16748,074156118f56
2,16,4,base,1.04,1.05,5aeacda16748,074156118f56
2,16,4,new,0.86,1.04,5aeacda16748,074156118f56
2,32,1,base,4.23,1.04,b7eb279a0505,d9a07e251dee
2,32,1,new,3.53,1.04,b7eb279a0505,d9a07e251dee
2,32,2,base,4.27,1.04,b7eb279a0505,d9a07e251dee
2,32,2,new,3.53,1.04,b7eb279a0505,d9a07e251dee
2,32,4,base,4.28,1.03,b7eb279a0505,d9a07e251dee
2,32,4,new,3.54,1.03,b7eb279a0505,d9a07e251dee
3,16,1,base,1.04,1.03,5aeacda16748,074156118f56
3,16,1,new,0.85,1.03,5aeacda16748,074156118f56
3,16,2,base,1.04,1.03,5aeacda16748,074156118f56
3,16,2,new,0.87,1.03,5aeacda16748,074156118f56
3,16,4,base,1.03,1.03,5aeacda16748,074156118f56
3,16,4,new,0.85,1.03,5aeacda16748,074156118f56
3,32,1,base,4.26,1.02,b7eb279a0505,d9a07e251dee
3,32,1,new,3.50,1.02,b7eb279a0505,d9a07e251dee
3,32,2,base,4.30,1.02,b7eb279a0505,d9a07e251dee
3,32,2,new,3.57,1.10,b7eb279a0505,d9a07e251dee
3,32,4,base,4.26,1.09,b7eb279a0505,d9a07e251dee
3,32,4,new,3.58,1.08,b7eb279a0505,d9a07e251dee
