dtype,n,B,planes,pfapack_1thread,pfapack_rayon,tenferro_native,tenferro_extop,cuda_total,cuda_kernel,cuda_upload,cuda_alloc,cuda_download,cuda_f32_total,cuda_f32_kernel
f64,16,1,8,5.1979e-5,1.2676e-4,2.0822e-2,8.9290e-3,3.7560e-4,1.2823e-4,5.4990e-5,5.1065e-5,1.3876e-4,2.9493e-4,8.2014e-5
f64,16,8,64,7.7094e-4,3.2513e-4,3.4070e-2,8.3045e-3,5.5374e-4,1.3992e-4,1.3924e-4,4.9868e-5,2.0440e-4,3.9907e-4,9.7179e-5
f64,16,64,512,5.6766e-3,2.7150e-3,1.7165e-1,1.1679e-2,1.9298e-3,4.1189e-4,7.2320e-4,5.7503e-5,4.6913e-4,9.0855e-4,1.5359e-4
f64,16,512,4096,2.2254e-2,1.3162e-2,5.6615e-1,5.7989e-2,4.0711e-2,2.6138e-3,2.0366e-2,2.5923e-3,1.3145e-2,1.4080e-2,6.1552e-4
f64,16,4096,32768,2.3857e-1,1.2915e-1,-,3.2451e-1,2.9469e-1,2.0212e-2,1.3690e-1,9.4388e-3,8.2284e-2,1.2376e-1,4.3541e-3
f64,32,1,8,4.2176e-4,3.8811e-4,5.5344e-2,1.6837e-2,6.2160e-4,3.3018e-4,9.6314e-5,3.6747e-5,1.5261e-4,4.3575e-4,2.1489e-4
f64,32,8,64,3.4209e-3,3.9072e-3,3.4160e-1,2.1387e-2,9.8454e-4,3.6235e-4,2.7712e-4,2.6931e-5,2.2515e-4,5.3743e-4,2.1333e-4
f64,32,64,512,2.7395e-2,6.3694e-3,1.8766e0,5.2036e-2,7.4761e-3,1.8695e-3,2.7035e-3,5.2139e-5,1.7255e-3,3.1251e-3,5.8864e-4
f64,32,512,4096,2.6578e-1,8.2711e-2,-,3.5142e-1,1.5240e-1,1.1427e-2,7.0879e-2,5.5723e-3,4.1678e-2,6.8431e-2,3.2250e-3
f64,32,4096,32768,2.0465e0,5.3172e-1,-,2.4218e0,1.1302e0,8.3912e-2,5.2563e-1,3.1814e-2,3.1300e-1,4.8086e-1,2.4357e-2
f64,64,1,8,2.0877e-3,5.2634e-4,9.8089e-2,1.7486e-2,1.5280e-3,9.8894e-4,1.9858e-4,4.1468e-5,2.2470e-4,9.4699e-4,6.0981e-4
f64,64,8,64,1.6702e-2,2.5245e-3,5.6780e-1,3.2415e-2,4.2275e-3,1.5412e-3,1.2493e-3,4.7876e-5,8.9057e-4,2.5694e-3,7.9093e-4
f64,64,64,512,1.7901e-1,1.7787e-2,-,2.1569e-1,6.9472e-2,9.4455e-3,3.0458e-2,7.1173e-3,1.8972e-2,2.8039e-2,6.3133e-3
f64,64,512,4096,1.1564e0,2.2573e-1,-,1.4500e0,5.7693e-1,6.2274e-2,2.5807e-1,2.0560e-2,1.5074e-1,2.6480e-1,4.0029e-2
f64,64,4096,32768,8.7505e0,1.3479e0,-,-,4.5568e0,4.8572e-1,2.0493e0,6.4886e-2,1.2954e0,1.9940e0,3.0415e-1
f64,128,1,8,8.9717e-3,3.6056e-3,6.4207e-1,2.5731e-2,6.1291e-3,4.0098e-3,9.8359e-4,6.3814e-5,7.0510e-4,3.2573e-3,2.1017e-3
f64,128,8,64,9.0279e-2,1.5216e-2,-,1.0786e-1,3.9771e-2,1.0426e-2,1.9913e-2,4.5942e-5,7.3489e-3,7.8100e-3,4.5640e-3
f64,128,64,512,7.0753e-1,1.8683e-1,-,8.1825e-1,3.3883e-1,7.5324e-2,1.3297e-1,1.0536e-2,7.7129e-2,1.5195e-1,3.9782e-2
f64,128,512,4096,5.3968e0,1.2016e0,-,-,2.6428e0,5.7996e-1,1.0338e0,3.9235e-2,6.3129e-1,1.1759e0,2.7648e-1
f64,128,4096,32768,4.2805e1,8.8013e0,-,-,2.2801e1,4.6308e0,9.3587e0,3.8618e-1,5.2645e0,9.7752e0,2.1804e0
c64,16,1,8,9.9173e-5,1.5850e-4,2.0851e-2,8.5819e-3,3.6744e-4,1.7300e-4,4.5890e-5,3.1016e-5,1.0433e-4,2.3851e-4,8.5749e-5
c64,16,8,64,7.1796e-4,3.0725e-4,4.3074e-2,8.7709e-3,8.9679e-4,2.4044e-4,2.6609e-4,5.5023e-5,2.4574e-4,4.9705e-4,1.1164e-4
c64,16,64,512,7.3317e-3,3.0664e-3,1.9216e-1,1.4328e-2,3.8627e-3,1.0920e-3,1.3630e-3,4.7038e-5,8.7226e-4,1.5492e-3,1.9518e-4
c64,16,512,4096,4.8675e-2,1.7314e-2,1.0466e0,9.9713e-2,9.8385e-2,7.8440e-3,4.7451e-2,6.6151e-3,3.0685e-2,2.8549e-2,9.7744e-4
c64,16,4096,32768,3.6783e-1,1.7451e-1,-,5.4728e-1,6.0174e-1,5.7824e-2,2.7337e-1,2.0855e-2,1.5990e-1,2.3444e-1,6.8444e-3
c64,32,1,8,9.6354e-4,3.2404e-4,4.3923e-2,1.6186e-2,1.0177e-3,5.9672e-4,1.0555e-4,3.4988e-5,2.6816e-4,4.7912e-4,2.6523e-4
c64,32,8,64,7.7907e-3,2.1081e-3,2.1683e-1,2.2895e-2,2.9818e-3,9.2767e-4,9.4648e-4,7.0215e-5,6.4411e-4,1.2838e-3,3.2175e-4
c64,32,64,512,7.5678e-2,1.2022e-2,9.8921e-1,8.2737e-2,3.7503e-2,5.3556e-3,2.1299e-2,6.1501e-5,8.4698e-3,5.3001e-3,1.0917e-3
c64,32,512,4096,5.7936e-1,1.4538e-1,-,6.8522e-1,2.9541e-1,3.9202e-2,1.2924e-1,1.0653e-2,7.4710e-2,1.1638e-1,6.3219e-3
c64,32,4096,32768,4.3720e0,7.3594e-1,-,5.0965e0,3.1679e0,3.0238e-1,1.1793e0,5.9422e-2,8.8357e-1,1.5672e0,4.8650e-2
c64,64,1,8,2.4985e-2,5.9756e-3,5.5365e-1,3.9754e-2,3.0741e-3,2.3097e-3,3.3715e-4,4.2983e-5,2.8782e-4,1.2825e-3,8.7899e-4
c64,64,8,64,1.6342e-1,9.3194e-3,3.0236e0,5.9003e-2,1.1054e-2,5.4053e-3,2.6364e-3,5.7263e-5,1.7397e-3,3.5259e-3,1.3136e-3
c64,64,64,512,3.8081e-1,8.8076e-2,-,4.1274e-1,1.9443e-1,3.4906e-2,7.9745e-2,5.5670e-3,4.6876e-2,8.3231e-2,9.9641e-3
c64,64,512,4096,3.0952e0,4.6840e-1,-,3.3794e0,1.4901e0,2.4357e-1,6.2625e-1,3.0729e-2,3.7418e-1,5.9953e-1,6.8481e-2
c64,64,4096,32768,2.4328e1,2.6774e0,-,-,1.1115e1,1.9278e0,4.5757e0,1.9780e-1,2.7668e0,4.4989e0,5.4807e-1
c64,128,1,8,3.1096e-2,7.2369e-3,1.1367e0,4.6838e-2,1.5710e-2,1.3262e-2,1.2031e-3,4.2087e-5,7.7064e-4,2.7542e-3,1.5079e-3
c64,128,8,64,2.5638e-1,2.9124e-2,-,3.3395e-1,9.7725e-2,3.6838e-2,3.2710e-2,3.8681e-3,2.0880e-2,2.6108e-2,3.0063e-3
c64,128,64,512,2.0880e0,3.3684e-1,-,2.4172e0,7.2750e-1,2.1546e-1,2.5697e-1,2.1136e-2,1.4950e-1,2.3893e-1,1.7861e-2
c64,128,512,4096,1.6670e1,2.2775e0,-,-,5.7951e0,1.6664e0,2.0626e0,9.6949e-2,1.2383e0,1.9266e0,1.3442e-1
c64,128,4096,32768,skipped (exceeds --max-bytes),,,,,,,,,,
