workload,sites,implementation,rep,seconds
Opt,32,C,1,3.38246
Opt,32,C,2,3.43383
Opt,32,C,3,3.35056
Opt,32,Julia,1,3.892245197
Opt,32,Julia,2,3.889591696
Opt,32,Julia,3,3.921541871
Opt,32,Rust,1,3.27053289
Opt,32,Rust,2,3.301009981
Opt,32,Rust,3,3.306073063
PhysCal,32,C,1,1.47355
PhysCal,32,C,2,1.46873
PhysCal,32,C,3,1.46894
PhysCal,32,Julia,1,1.409846645
PhysCal,32,Julia,2,1.399919281
PhysCal,32,Julia,3,1.306513672
PhysCal,32,Rust,1,1.343844484
PhysCal,32,Rust,2,1.340140293
PhysCal,32,Rust,3,1.355011515
Opt,64,C,1,13.66077
Opt,64,C,2,13.60178
Opt,64,C,3,13.53485
Opt,64,Julia,1,14.660833374
Opt,64,Julia,2,14.586651687
Opt,64,Julia,3,14.560447048
Opt,64,Rust,1,13.529839072
Opt,64,Rust,2,13.77798121
Opt,64,Rust,3,13.882219128
PhysCal,64,C,1,6.60285
PhysCal,64,C,2,6.5387
PhysCal,64,C,3,6.44012
PhysCal,64,Julia,1,5.007858801
PhysCal,64,Julia,2,5.210938583
PhysCal,64,Julia,3,4.991015828
PhysCal,64,Rust,1,5.513976872
PhysCal,64,Rust,2,5.562190874
PhysCal,64,Rust,3,5.552527065
