workload,variant,rep,wall_s,sec3,sec4,load_before,load_after
opt_hubbard_L16,before,1,1.1798712979943957,0.48839,0.65473,1.05078125,1.04638671875
opt_hubbard_L16,after,1,1.1783630419813562,0.48867,0.65276,1.04638671875,1.04638671875
opt_hubbard_L16,before,2,1.1908769400033634,0.49023,0.65665,1.04638671875,1.04638671875
opt_hubbard_L16,after,2,1.195860024978174,0.49417,0.66292,1.04638671875,1.04638671875
opt_hubbard_L32,before,1,3.680710304994136,1.66092,1.95469,1.0390625,1.0390625
opt_hubbard_L32,after,1,3.6528888090106193,1.65087,1.93782,1.0390625,1.03564453125
opt_hubbard_L32,before,2,3.6870030160062015,1.65494,1.96362,1.03564453125,1.03271484375
opt_hubbard_L32,after,2,3.676189694000641,1.65554,1.9526,1.03271484375,1.02978515625
opt_hubbard_L64,before,1,6.313412052986678,3.36293,2.86668,1.02490234375,1.0224609375
opt_hubbard_L64,after,1,6.275703105988214,3.35995,2.83229,1.0224609375,1.0185546875
opt_hubbard_L64,before,2,6.290377603989327,3.3532,2.86214,1.0185546875,1.0166015625
opt_hubbard_L64,after,2,6.249581356009003,3.33786,2.83608,1.0166015625,1.01513671875
opt_heisenberg_cmp,before,1,13.627582585992059,8.75618,4.83287,1.0078125,1.005859375
opt_heisenberg_cmp,after,1,13.478383484994993,8.7255,4.72853,1.005859375,1.00439453125
opt_heisenberg_cmp,before,2,13.738961116003338,8.81376,4.90159,1.00439453125,1.0029296875
opt_heisenberg_cmp,after,2,13.51802945000236,8.73757,4.745,1.0029296875,1.001953125
opt_heisenberg_fsz,before,1,4.033244454010855,1.61813,2.38572,1.0009765625,1.00048828125
opt_heisenberg_fsz,after,1,4.007232469011797,1.6085,2.3693,1.00048828125,1.0
opt_heisenberg_fsz,before,2,4.071365595998941,1.64068,2.39314,1.0,1.0
opt_heisenberg_fsz,after,2,4.015503951988649,1.61129,2.37383,1.0,1.0
opt_kondo_real,before,1,7.39997386498726,3.02879,4.3045,1.0,1.0
opt_kondo_real,after,1,7.428608557995176,3.02568,4.34318,1.0,1.0
opt_kondo_real,before,2,7.425786022999091,3.03389,4.32493,1.0,1.0
opt_kondo_real,after,2,7.445179800008191,3.02512,4.35234,1.0,1.0
opt_hubbard_dh,before,1,4.329175746999681,1.36647,2.92803,1.0,1.0
opt_hubbard_dh,after,1,4.351700997998705,1.37664,2.93317,1.0,1.0
opt_hubbard_dh,before,2,4.357034663000377,1.37373,2.93805,1.0,1.0
opt_hubbard_dh,after,2,4.337078488024417,1.38516,2.9122,1.0,1.0
opt_hubbard_rbm_opttrans,before,1,8.216600348008797,2.56592,5.61017,1.0,1.0
opt_hubbard_rbm_opttrans,after,1,8.152643884008285,2.53848,5.57125,1.0,1.0
opt_hubbard_rbm_opttrans,before,2,8.21819395100465,2.55894,5.61852,1.0,1.0
opt_hubbard_rbm_opttrans,after,2,8.223901658988325,2.56646,5.61653,1.0,1.0
phys_hubbard_L16,before,1,2.783667798998067,0.6493,2.08306,1.0,1.0
phys_hubbard_L16,after,1,2.777168149012141,0.64708,2.07146,1.0,1.0
phys_hubbard_L16,before,2,2.7597788510029204,0.63995,2.06359,1.0,1.0
phys_hubbard_L16,after,2,2.7489381360064726,0.64276,2.05546,1.0,1.0
