workload,impl,rep,wall_s,sec3_makesample,sec4_maincal,sec2_total,load_before,load_after,tag
opt_hubbard_L16,rust,1,1.205865766009083,0.50395,0.66121,1.19715,0.08837890625,0.08837890625,after
opt_hubbard_L16,c,1,1.6836705207824707,0.71268,0.83427,1.57041,0.08837890625,0.16162109375,after
opt_hubbard_L16,rust,2,1.1865601610043086,0.49444,0.65238,1.17835,0.16162109375,0.16162109375,after
opt_hubbard_L16,c,2,1.6391279697418213,0.69701,0.8128,1.53267,0.16162109375,0.16162109375,after
opt_hubbard_L16,rust,3,1.2311635600053705,0.51347,0.67669,1.22254,0.16162109375,0.22900390625,after
opt_hubbard_L16,c,3,1.683171033859253,0.71494,0.83145,1.57016,0.22900390625,0.22900390625,after
opt_hubbard_L32,rust,1,3.7232466130226385,1.69351,1.96057,3.71394,0.34814453125,0.34814453125,after
opt_hubbard_L32,c,1,4.448474168777466,2.07773,2.21169,4.34216,0.34814453125,0.880859375,after
opt_hubbard_L32,rust,2,3.6642748880258296,1.67559,1.91975,3.65394,0.880859375,0.890625,after
opt_hubbard_L32,c,2,4.427756309509277,2.06502,2.20365,4.32025,0.890625,0.8994140625,after
opt_hubbard_L32,rust,3,3.6871128490020055,1.68257,1.93519,3.67693,0.8994140625,0.90771484375,after
opt_hubbard_L32,c,3,4.442569017410278,2.07639,2.20703,4.33541,0.90771484375,0.99560546875,after
opt_hubbard_L64,rust,1,6.39462574000936,3.34506,2.96647,6.38097,0.9970703125,0.99755859375,after
opt_hubbard_L64,c,1,6.900197267532349,3.60091,3.13146,6.79594,0.99755859375,0.998046875,after
opt_hubbard_L64,rust,2,6.391792270005681,3.39982,2.90866,6.37859,0.998046875,1.0791015625,after
opt_hubbard_L64,c,2,7.021245002746582,3.68378,3.1674,6.91619,1.0791015625,1.07275390625,after
opt_hubbard_L64,rust,3,6.295677939982852,3.30313,2.90872,6.28218,1.07275390625,1.1474609375,after
opt_hubbard_L64,c,3,6.939603328704834,3.6358,3.12897,6.83046,1.1474609375,1.1240234375,after
opt_heisenberg_real,rust,1,6.5502868210023735,3.46665,3.05867,6.54232,1.095703125,1.087890625,after
opt_heisenberg_real,c,1,8.4564790725708,4.25836,4.08168,8.35111,1.087890625,1.07373046875,after
opt_heisenberg_real,rust,2,6.532673393987352,3.44851,3.05941,6.52463,1.07373046875,1.0673828125,after
opt_heisenberg_real,c,2,8.424898862838745,4.23931,4.06996,8.31985,1.0673828125,1.05615234375,after
opt_heisenberg_real,rust,3,6.545796596008586,3.45989,3.06027,6.5369,1.05615234375,1.05126953125,after
opt_heisenberg_real,c,3,8.396931886672974,4.21673,4.06258,8.28975,1.05126953125,1.04296875,after
opt_heisenberg_cmp,rust,1,13.577807576977648,8.77921,4.77177,13.57002,1.0224609375,1.09912109375,after
opt_heisenberg_cmp,c,1,18.068138122558594,12.25134,5.69622,17.95856,1.09912109375,1.0703125,after
opt_heisenberg_cmp,rust,2,13.65863709198311,8.80826,4.81617,13.64983,1.0703125,1.05419921875,after
opt_heisenberg_cmp,c,2,18.12613320350647,12.22218,5.78509,18.01815,1.05419921875,1.19873046875,after
opt_heisenberg_cmp,rust,3,13.72395103800227,8.82287,4.86765,13.71592,1.19873046875,1.16796875,after
opt_heisenberg_cmp,c,3,18.055543661117554,12.22446,5.71132,17.94666,1.16796875,1.119140625,after
opt_heisenberg_fsz,rust,1,4.0959405780013185,1.6606,2.40175,4.08695,1.1005859375,1.09228515625,after
opt_heisenberg_fsz,c,1,4.753000020980835,2.57781,2.05167,4.64241,1.09228515625,1.08447265625,after
opt_heisenberg_fsz,rust,2,4.120678786013741,1.67287,2.41459,4.1127,1.08447265625,1.08447265625,after
opt_heisenberg_fsz,c,2,4.672601699829102,2.53748,2.01336,4.56304,1.08447265625,1.07763671875,after
opt_heisenberg_fsz,rust,3,4.133296379994135,1.68313,2.41536,4.12438,1.07763671875,1.0712890625,after
opt_heisenberg_fsz,c,3,4.652926921844482,2.52712,2.00796,4.54753,1.0712890625,1.0654296875,after
opt_kondo_real,rust,1,7.4853632699814625,3.07907,4.33755,7.4774,1.0458984375,1.0419921875,after
opt_kondo_real,c,1,9.706958055496216,3.85533,5.71444,9.60333,1.0419921875,1.03515625,after
opt_kondo_real,rust,2,7.490966381010367,3.05484,4.36738,7.48357,1.03515625,1.029296875,after
opt_kondo_real,c,2,9.701765060424805,3.84547,5.71822,9.59688,1.029296875,1.0244140625,after
opt_kondo_real,rust,3,7.447950225992827,3.04252,4.34269,7.43939,1.0244140625,1.02197265625,after
opt_kondo_real,c,3,9.723048686981201,3.84762,5.73466,9.61691,1.02197265625,1.0986328125,after
opt_hubbard_dh,rust,1,4.44092811999144,1.4062,2.99761,4.43277,1.212890625,1.19580078125,after
opt_hubbard_dh,c,1,11.552581787109375,3.74239,7.68844,11.44687,1.19580078125,1.1650390625,after
opt_hubbard_dh,rust,2,4.33989240200026,1.36431,2.93883,4.3319,1.1650390625,1.1513671875,after
opt_hubbard_dh,c,2,11.941837072372437,4.01785,7.80159,11.83516,1.1513671875,1.1279296875,after
opt_hubbard_dh,rust,3,4.4405873760115355,1.38076,3.02287,4.43216,1.1279296875,1.11767578125,after
opt_hubbard_dh,c,3,11.634207487106323,3.77161,7.73607,11.52397,1.11767578125,1.0908203125,after
opt_hubbard_rbm_opttrans,rust,1,8.280743442010134,2.59979,5.63801,8.27236,1.064453125,1.05908203125,after
opt_hubbard_rbm_opttrans,c,1,11.452738761901855,4.4865,6.83081,11.34372,1.05908203125,1.04541015625,after
opt_hubbard_rbm_opttrans,rust,2,8.324760661984328,2.61541,5.65858,8.31605,1.04541015625,1.04150390625,after
opt_hubbard_rbm_opttrans,c,2,11.397842645645142,4.44941,6.81537,11.2959,1.04150390625,1.03173828125,after
opt_hubbard_rbm_opttrans,rust,3,8.242718927009264,2.59344,5.5976,8.23335,1.03173828125,1.02880859375,after
opt_hubbard_rbm_opttrans,c,3,11.319223403930664,4.44364,6.73718,11.20848,1.02880859375,1.02197265625,after
phys_hubbard_L16,rust,1,2.7456216840073466,0.64192,2.05206,2.73731,1.02001953125,1.01806640625,after
phys_hubbard_L16,c,1,4.066333770751953,0.96337,2.9616,3.96128,1.01806640625,1.0166015625,after
phys_hubbard_L16,rust,2,2.7647536669974215,0.64646,2.06652,2.75628,1.0166015625,1.0166015625,after
phys_hubbard_L16,c,2,4.071479320526123,0.96706,2.96221,3.96555,1.0166015625,1.01513671875,after
phys_hubbard_L16,rust,3,2.7387449350208044,0.64217,2.04506,2.73062,1.01513671875,1.013671875,after
phys_hubbard_L16,c,3,4.074865102767944,0.97393,2.95744,3.96762,1.013671875,1.01220703125,after
phys_hubbard_L32,rust,1,10.442804488004185,2.1113,8.23156,10.4331,1.0068359375,1.00537109375,after
phys_hubbard_L32,c,1,16.09662699699402,2.68915,13.22296,15.98836,1.00537109375,1.08447265625,after
phys_hubbard_L32,rust,2,10.443553658988094,2.09716,8.24008,10.43399,1.08447265625,1.0712890625,after
phys_hubbard_L32,c,2,16.23048424720764,2.73661,13.31354,16.12152,1.0712890625,1.05029296875,after
phys_hubbard_L32,rust,3,10.526336161012296,2.13396,8.28662,10.51696,1.05029296875,1.0419921875,after
phys_hubbard_L32,c,3,16.105476140975952,2.7053,13.21327,15.99514,1.0419921875,1.0322265625,after
phys_heisenberg_real,rust,1,14.20661813399056,7.01412,7.1709,14.19675,1.0166015625,1.01220703125,after
phys_heisenberg_real,c,1,18.069953203201294,8.54578,9.39453,17.9576,1.01220703125,1.0087890625,after
phys_heisenberg_real,rust,2,14.208273863012437,7.01185,7.17451,14.19841,1.0087890625,1.08642578125,after
phys_heisenberg_real,c,2,18.20719051361084,8.62265,9.46785,18.09924,1.08642578125,1.0615234375,after
phys_heisenberg_real,rust,3,14.237853956001345,7.04701,7.16356,14.22974,1.0615234375,1.046875,after
phys_heisenberg_real,c,3,18.029993534088135,8.54504,9.3657,17.92015,1.046875,1.03564453125,after
phys_lanczos,rust,1,58.85145900599309,3.11263,55.71332,58.84209,1.0048828125,1.048828125,after
phys_lanczos,c,1,36.31312680244446,4.99403,31.19984,36.20562,1.048828125,1.025390625,after
phys_lanczos,rust,2,58.48776515299687,3.13929,55.32258,58.47767,1.025390625,1.08154296875,after
phys_lanczos,c,2,36.64927792549133,5.00368,31.52975,36.54425,1.08154296875,1.0400390625,after
phys_lanczos,rust,3,59.448126344999764,3.11372,56.308,59.43797,1.0400390625,1.01416015625,after
phys_lanczos,c,3,36.250739097595215,4.95203,31.17316,36.14343,1.01416015625,1.05078125,after
