implementation,model,rep,steps,seconds,final_energy_per_site
rust,hubbard_chain_L16,1,30,0.850000000,0.4503585643986755
rust,hubbard_chain_L16,2,30,0.860000000,0.4503585643986755
rust,hubbard_chain_L16,3,30,0.850000000,0.4503585643986755
julia,hubbard_chain_L16,1,30,1.233057632,0.4503585643986756
julia,hubbard_chain_L16,2,30,1.293581496,0.4503585643986756
julia,hubbard_chain_L16,3,30,1.241820742,0.4503585643986756
rust,hubbard_chain_L24,1,30,1.920000000,0.3709538224223807
rust,hubbard_chain_L24,2,30,1.910000000,0.3709538224223807
rust,hubbard_chain_L24,3,30,1.900000000,0.3709538224223807
julia,hubbard_chain_L24,1,30,2.740302861,0.3709538224223809
julia,hubbard_chain_L24,2,30,2.741160283,0.3709538224223809
julia,hubbard_chain_L24,3,30,2.751916837,0.3709538224223809
rust,hubbard_chain_L32,1,30,3.590000000,0.3837756845902003
rust,hubbard_chain_L32,2,30,3.530000000,0.3837756845902003
rust,hubbard_chain_L32,3,30,3.570000000,0.3837756845902003
julia,hubbard_chain_L32,1,30,4.971028899,0.38377568459019645
julia,hubbard_chain_L32,2,30,4.983726185,0.38377568459019645
julia,hubbard_chain_L32,3,30,5.070797984,0.38377568459019645
rust,hubbard_chain_L64,1,30,18.050000000,0.551366313993879
rust,hubbard_chain_L64,2,30,18.010000000,0.551366313993879
rust,hubbard_chain_L64,3,30,18.240000000,0.551366313993879
julia,hubbard_chain_L64,1,30,23.074823911,0.5513663139938753
julia,hubbard_chain_L64,2,30,22.991981133,0.5513663139938753
julia,hubbard_chain_L64,3,30,22.947296386,0.5513663139938753
