workload,impl,rep,wall_s,sec3_makesample,sec4_maincal,sec2_total,load_before,load_after,tag
opt_hubbard_L16,rust,1,0.5425926929892739,0.23112,0.27614,0.53713,3.07763671875,3.07763671875,linux-20261010-current
opt_hubbard_L16,c,1,1.436962385996594,0.35035,0.21656,0.57736,3.07763671875,2.9912109375,linux-20261010-current
opt_hubbard_L16,rust,2,0.5422960139985662,0.23063,0.27655,0.53718,2.9912109375,2.9912109375,linux-20261010-current
opt_hubbard_L16,c,2,1.445071227994049,0.34534,0.21547,0.57123,2.9912109375,2.9912109375,linux-20261010-current
opt_hubbard_L16,rust,3,0.5393789100053255,0.22928,0.2744,0.53337,2.9912109375,2.9912109375,linux-20261010-current
opt_hubbard_L16,c,3,1.4195891470008064,0.34506,0.21529,0.56997,2.9912109375,2.9912109375,linux-20261010-current
opt_hubbard_L32,rust,1,1.5375646019965643,0.68503,0.79631,1.53096,2.91162109375,2.91162109375,linux-20261010-current
opt_hubbard_L32,c,1,1.8403541030129418,0.62921,0.34192,0.98919,2.91162109375,2.83837890625,linux-20261010-current
opt_hubbard_L32,rust,2,1.5406248069921276,0.68822,0.79621,1.53441,2.83837890625,2.83837890625,linux-20261010-current
opt_hubbard_L32,c,2,1.8353875539905857,0.61961,0.34419,0.9807,2.83837890625,3.01171875,linux-20261010-current
opt_hubbard_L32,rust,3,1.5257929819927085,0.68217,0.78817,1.51969,3.01171875,3.01171875,linux-20261010-current
opt_hubbard_L32,c,3,1.8284337799996138,0.61903,0.34269,0.97871,3.01171875,3.01171875,linux-20261010-current
opt_hubbard_L64,rust,1,1.336930860998109,0.70173,0.57494,1.32823,3.17138671875,3.17138671875,linux-20261010-current
opt_hubbard_L64,c,1,2.0377110640110914,0.70224,0.43539,1.16123,3.17138671875,3.31787109375,linux-20261010-current
opt_hubbard_L64,rust,2,1.1629215699940687,0.62028,0.48259,1.15359,3.31787109375,3.31787109375,linux-20261010-current
opt_hubbard_L64,c,2,2.07261813399964,0.72464,0.47171,1.21985,3.31787109375,3.31787109375,linux-20261010-current
opt_hubbard_L64,rust,3,1.3894715310016181,0.72655,0.59686,1.37854,3.31787109375,3.31787109375,linux-20261010-current
opt_hubbard_L64,c,3,1.9626323150005192,0.67905,0.41769,1.11859,3.31787109375,3.45263671875,linux-20261010-current
phys_hubbard_L32,rust,1,4.435601857010624,0.96105,3.41679,4.43008,3.93115234375,3.93115234375,linux-20261010-current
phys_hubbard_L32,c,1,3.945511058991542,1.42288,1.81257,3.27226,3.93115234375,3.8564453125,linux-20261010-current
phys_hubbard_L32,rust,2,4.408870728992042,0.95375,3.39575,4.40248,3.8564453125,3.78759765625,linux-20261010-current
phys_hubbard_L32,c,2,4.105449438007781,1.40506,1.80967,3.25749,3.78759765625,3.96484375,linux-20261010-current
phys_hubbard_L32,rust,3,4.398183341996628,0.94561,3.38927,4.39239,3.96484375,3.88720703125,linux-20261010-current
phys_hubbard_L32,c,3,4.145832516995142,1.41458,1.79606,3.25425,3.88720703125,4.13671875,linux-20261010-current
