HeisenbergChain	header	seed=1 AllComplexFlag=0
HeisenbergChain	dims	NPara=14 NProj=2 NRBM=0 FlagRBM=0 NSlater=12 NOptTrans=0 NQPOptTrans=1 NProjBF=0 APCount=12 ParallelHeaderCount=0 OrbitalGeneral=0
HeisenbergChain	segment	segment Gutz start=0 count=1 ComplexFlag=0 reader=1
HeisenbergChain	segment	segment Jast start=1 count=1 ComplexFlag=0 reader=1
HeisenbergChain	segment	segment ChargeRBM_PhysLayer start=2 count=0 ComplexFlag=0 reader=1
HeisenbergChain	segment	segment SpinRBM_PhysLayer start=2 count=0 ComplexFlag=0 reader=1
HeisenbergChain	segment	segment GeneralRBM_PhysLayer start=2 count=0 ComplexFlag=0 reader=1
HeisenbergChain	segment	segment ChargeRBM_HiddenLayer start=2 count=0 ComplexFlag=0 reader=1
HeisenbergChain	segment	segment SpinRBM_HiddenLayer start=2 count=0 ComplexFlag=0 reader=1
HeisenbergChain	segment	segment GeneralRBM_HiddenLayer start=2 count=0 ComplexFlag=0 reader=1
HeisenbergChain	segment	segment ChargeRBM_PhysHidden start=2 count=0 ComplexFlag=0 reader=1
HeisenbergChain	segment	segment SpinRBM_PhysHidden start=2 count=0 ComplexFlag=0 reader=1
HeisenbergChain	segment	segment GeneralRBM_PhysHidden start=2 count=0 ComplexFlag=0 reader=1
HeisenbergChain	segment	segment OrbitalAP start=2 count=12 ComplexFlag=0 reader=1
HeisenbergChain	segment	segment OrbitalParallel start=14 count=0 ComplexFlag=0 reader=2
HubbardChain	header	seed=1 AllComplexFlag=0
HubbardChain	dims	NPara=19 NProj=7 NRBM=0 FlagRBM=0 NSlater=12 NOptTrans=0 NQPOptTrans=1 NProjBF=0 APCount=12 ParallelHeaderCount=0 OrbitalGeneral=0
HubbardChain	segment	segment Gutz start=0 count=2 ComplexFlag=0 reader=1
HubbardChain	segment	segment Jast start=2 count=5 ComplexFlag=0 reader=1
HubbardChain	segment	segment ChargeRBM_PhysLayer start=7 count=0 ComplexFlag=0 reader=1
HubbardChain	segment	segment SpinRBM_PhysLayer start=7 count=0 ComplexFlag=0 reader=1
HubbardChain	segment	segment GeneralRBM_PhysLayer start=7 count=0 ComplexFlag=0 reader=1
HubbardChain	segment	segment ChargeRBM_HiddenLayer start=7 count=0 ComplexFlag=0 reader=1
HubbardChain	segment	segment SpinRBM_HiddenLayer start=7 count=0 ComplexFlag=0 reader=1
HubbardChain	segment	segment GeneralRBM_HiddenLayer start=7 count=0 ComplexFlag=0 reader=1
HubbardChain	segment	segment ChargeRBM_PhysHidden start=7 count=0 ComplexFlag=0 reader=1
HubbardChain	segment	segment SpinRBM_PhysHidden start=7 count=0 ComplexFlag=0 reader=1
HubbardChain	segment	segment GeneralRBM_PhysHidden start=7 count=0 ComplexFlag=0 reader=1
HubbardChain	segment	segment OrbitalAP start=7 count=12 ComplexFlag=0 reader=1
HubbardChain	segment	segment OrbitalParallel start=19 count=0 ComplexFlag=0 reader=2
HubbardTetragonal	header	seed=1 AllComplexFlag=0
HubbardTetragonal	dims	NPara=52 NProj=20 NRBM=0 FlagRBM=0 NSlater=32 NOptTrans=0 NQPOptTrans=1 NProjBF=0 APCount=32 ParallelHeaderCount=0 OrbitalGeneral=0
HubbardTetragonal	segment	segment Gutz start=0 count=4 ComplexFlag=0 reader=1
HubbardTetragonal	segment	segment Jast start=4 count=16 ComplexFlag=0 reader=1
HubbardTetragonal	segment	segment ChargeRBM_PhysLayer start=20 count=0 ComplexFlag=0 reader=1
HubbardTetragonal	segment	segment SpinRBM_PhysLayer start=20 count=0 ComplexFlag=0 reader=1
HubbardTetragonal	segment	segment GeneralRBM_PhysLayer start=20 count=0 ComplexFlag=0 reader=1
HubbardTetragonal	segment	segment ChargeRBM_HiddenLayer start=20 count=0 ComplexFlag=0 reader=1
HubbardTetragonal	segment	segment SpinRBM_HiddenLayer start=20 count=0 ComplexFlag=0 reader=1
HubbardTetragonal	segment	segment GeneralRBM_HiddenLayer start=20 count=0 ComplexFlag=0 reader=1
HubbardTetragonal	segment	segment ChargeRBM_PhysHidden start=20 count=0 ComplexFlag=0 reader=1
HubbardTetragonal	segment	segment SpinRBM_PhysHidden start=20 count=0 ComplexFlag=0 reader=1
HubbardTetragonal	segment	segment GeneralRBM_PhysHidden start=20 count=0 ComplexFlag=0 reader=1
HubbardTetragonal	segment	segment OrbitalAP start=20 count=32 ComplexFlag=0 reader=1
HubbardTetragonal	segment	segment OrbitalParallel start=52 count=0 ComplexFlag=0 reader=2
HubbardTetragonal_MomentumProjection	header	seed=1 AllComplexFlag=0
HubbardTetragonal_MomentumProjection	dims	NPara=38 NProj=6 NRBM=0 FlagRBM=0 NSlater=32 NOptTrans=0 NQPOptTrans=1 NProjBF=0 APCount=32 ParallelHeaderCount=0 OrbitalGeneral=0
HubbardTetragonal_MomentumProjection	segment	segment Gutz start=0 count=1 ComplexFlag=0 reader=1
HubbardTetragonal_MomentumProjection	segment	segment Jast start=1 count=5 ComplexFlag=0 reader=1
HubbardTetragonal_MomentumProjection	segment	segment ChargeRBM_PhysLayer start=6 count=0 ComplexFlag=0 reader=1
HubbardTetragonal_MomentumProjection	segment	segment SpinRBM_PhysLayer start=6 count=0 ComplexFlag=0 reader=1
HubbardTetragonal_MomentumProjection	segment	segment GeneralRBM_PhysLayer start=6 count=0 ComplexFlag=0 reader=1
HubbardTetragonal_MomentumProjection	segment	segment ChargeRBM_HiddenLayer start=6 count=0 ComplexFlag=0 reader=1
HubbardTetragonal_MomentumProjection	segment	segment SpinRBM_HiddenLayer start=6 count=0 ComplexFlag=0 reader=1
HubbardTetragonal_MomentumProjection	segment	segment GeneralRBM_HiddenLayer start=6 count=0 ComplexFlag=0 reader=1
HubbardTetragonal_MomentumProjection	segment	segment ChargeRBM_PhysHidden start=6 count=0 ComplexFlag=0 reader=1
HubbardTetragonal_MomentumProjection	segment	segment SpinRBM_PhysHidden start=6 count=0 ComplexFlag=0 reader=1
HubbardTetragonal_MomentumProjection	segment	segment GeneralRBM_PhysHidden start=6 count=0 ComplexFlag=0 reader=1
HubbardTetragonal_MomentumProjection	segment	segment OrbitalAP start=6 count=32 ComplexFlag=0 reader=1
HubbardTetragonal_MomentumProjection	segment	segment OrbitalParallel start=38 count=0 ComplexFlag=0 reader=2
KondoChain	header	seed=1 AllComplexFlag=0
KondoChain	dims	NPara=76 NProj=12 NRBM=0 FlagRBM=0 NSlater=64 NOptTrans=0 NQPOptTrans=1 NProjBF=0 APCount=64 ParallelHeaderCount=0 OrbitalGeneral=0
KondoChain	segment	segment Gutz start=0 count=5 ComplexFlag=0 reader=1
KondoChain	segment	segment Jast start=5 count=7 ComplexFlag=0 reader=1
KondoChain	segment	segment ChargeRBM_PhysLayer start=12 count=0 ComplexFlag=0 reader=1
KondoChain	segment	segment SpinRBM_PhysLayer start=12 count=0 ComplexFlag=0 reader=1
KondoChain	segment	segment GeneralRBM_PhysLayer start=12 count=0 ComplexFlag=0 reader=1
KondoChain	segment	segment ChargeRBM_HiddenLayer start=12 count=0 ComplexFlag=0 reader=1
KondoChain	segment	segment SpinRBM_HiddenLayer start=12 count=0 ComplexFlag=0 reader=1
KondoChain	segment	segment GeneralRBM_HiddenLayer start=12 count=0 ComplexFlag=0 reader=1
KondoChain	segment	segment ChargeRBM_PhysHidden start=12 count=0 ComplexFlag=0 reader=1
KondoChain	segment	segment SpinRBM_PhysHidden start=12 count=0 ComplexFlag=0 reader=1
KondoChain	segment	segment GeneralRBM_PhysHidden start=12 count=0 ComplexFlag=0 reader=1
KondoChain	segment	segment OrbitalAP start=12 count=64 ComplexFlag=0 reader=1
KondoChain	segment	segment OrbitalParallel start=76 count=0 ComplexFlag=0 reader=2
HeisenbergChain_cmp	header	seed=1 AllComplexFlag=1
HeisenbergChain_cmp	dims	NPara=14 NProj=2 NRBM=0 FlagRBM=0 NSlater=12 NOptTrans=0 NQPOptTrans=1 NProjBF=0 APCount=12 ParallelHeaderCount=0 OrbitalGeneral=0
HeisenbergChain_cmp	segment	segment Gutz start=0 count=1 ComplexFlag=0 reader=1
HeisenbergChain_cmp	segment	segment Jast start=1 count=1 ComplexFlag=0 reader=1
HeisenbergChain_cmp	segment	segment ChargeRBM_PhysLayer start=2 count=0 ComplexFlag=0 reader=1
HeisenbergChain_cmp	segment	segment SpinRBM_PhysLayer start=2 count=0 ComplexFlag=0 reader=1
HeisenbergChain_cmp	segment	segment GeneralRBM_PhysLayer start=2 count=0 ComplexFlag=0 reader=1
HeisenbergChain_cmp	segment	segment ChargeRBM_HiddenLayer start=2 count=0 ComplexFlag=0 reader=1
HeisenbergChain_cmp	segment	segment SpinRBM_HiddenLayer start=2 count=0 ComplexFlag=0 reader=1
HeisenbergChain_cmp	segment	segment GeneralRBM_HiddenLayer start=2 count=0 ComplexFlag=0 reader=1
HeisenbergChain_cmp	segment	segment ChargeRBM_PhysHidden start=2 count=0 ComplexFlag=0 reader=1
HeisenbergChain_cmp	segment	segment SpinRBM_PhysHidden start=2 count=0 ComplexFlag=0 reader=1
HeisenbergChain_cmp	segment	segment GeneralRBM_PhysHidden start=2 count=0 ComplexFlag=0 reader=1
HeisenbergChain_cmp	segment	segment OrbitalAP start=2 count=12 ComplexFlag=1 reader=1
HeisenbergChain_cmp	segment	segment OrbitalParallel start=14 count=0 ComplexFlag=1 reader=2
HubbardChain_cmp	header	seed=1 AllComplexFlag=1
HubbardChain_cmp	dims	NPara=19 NProj=7 NRBM=0 FlagRBM=0 NSlater=12 NOptTrans=0 NQPOptTrans=1 NProjBF=0 APCount=12 ParallelHeaderCount=0 OrbitalGeneral=0
HubbardChain_cmp	segment	segment Gutz start=0 count=2 ComplexFlag=0 reader=1
HubbardChain_cmp	segment	segment Jast start=2 count=5 ComplexFlag=0 reader=1
HubbardChain_cmp	segment	segment ChargeRBM_PhysLayer start=7 count=0 ComplexFlag=0 reader=1
HubbardChain_cmp	segment	segment SpinRBM_PhysLayer start=7 count=0 ComplexFlag=0 reader=1
HubbardChain_cmp	segment	segment GeneralRBM_PhysLayer start=7 count=0 ComplexFlag=0 reader=1
HubbardChain_cmp	segment	segment ChargeRBM_HiddenLayer start=7 count=0 ComplexFlag=0 reader=1
HubbardChain_cmp	segment	segment SpinRBM_HiddenLayer start=7 count=0 ComplexFlag=0 reader=1
HubbardChain_cmp	segment	segment GeneralRBM_HiddenLayer start=7 count=0 ComplexFlag=0 reader=1
HubbardChain_cmp	segment	segment ChargeRBM_PhysHidden start=7 count=0 ComplexFlag=0 reader=1
HubbardChain_cmp	segment	segment SpinRBM_PhysHidden start=7 count=0 ComplexFlag=0 reader=1
HubbardChain_cmp	segment	segment GeneralRBM_PhysHidden start=7 count=0 ComplexFlag=0 reader=1
HubbardChain_cmp	segment	segment OrbitalAP start=7 count=12 ComplexFlag=1 reader=1
HubbardChain_cmp	segment	segment OrbitalParallel start=19 count=0 ComplexFlag=1 reader=2
KondoChain_cmp	header	seed=1 AllComplexFlag=1
KondoChain_cmp	dims	NPara=76 NProj=12 NRBM=0 FlagRBM=0 NSlater=64 NOptTrans=0 NQPOptTrans=1 NProjBF=0 APCount=64 ParallelHeaderCount=0 OrbitalGeneral=0
KondoChain_cmp	segment	segment Gutz start=0 count=5 ComplexFlag=0 reader=1
KondoChain_cmp	segment	segment Jast start=5 count=7 ComplexFlag=0 reader=1
KondoChain_cmp	segment	segment ChargeRBM_PhysLayer start=12 count=0 ComplexFlag=0 reader=1
KondoChain_cmp	segment	segment SpinRBM_PhysLayer start=12 count=0 ComplexFlag=0 reader=1
KondoChain_cmp	segment	segment GeneralRBM_PhysLayer start=12 count=0 ComplexFlag=0 reader=1
KondoChain_cmp	segment	segment ChargeRBM_HiddenLayer start=12 count=0 ComplexFlag=0 reader=1
KondoChain_cmp	segment	segment SpinRBM_HiddenLayer start=12 count=0 ComplexFlag=0 reader=1
KondoChain_cmp	segment	segment GeneralRBM_HiddenLayer start=12 count=0 ComplexFlag=0 reader=1
KondoChain_cmp	segment	segment ChargeRBM_PhysHidden start=12 count=0 ComplexFlag=0 reader=1
KondoChain_cmp	segment	segment SpinRBM_PhysHidden start=12 count=0 ComplexFlag=0 reader=1
KondoChain_cmp	segment	segment GeneralRBM_PhysHidden start=12 count=0 ComplexFlag=0 reader=1
KondoChain_cmp	segment	segment OrbitalAP start=12 count=64 ComplexFlag=1 reader=1
KondoChain_cmp	segment	segment OrbitalParallel start=76 count=0 ComplexFlag=1 reader=2
KondoChain_Stot1_cmp	header	seed=123456789 AllComplexFlag=1
KondoChain_Stot1_cmp	dims	NPara=76 NProj=12 NRBM=0 FlagRBM=0 NSlater=64 NOptTrans=0 NQPOptTrans=1 NProjBF=0 APCount=64 ParallelHeaderCount=0 OrbitalGeneral=0
KondoChain_Stot1_cmp	segment	segment Gutz start=0 count=5 ComplexFlag=0 reader=1
KondoChain_Stot1_cmp	segment	segment Jast start=5 count=7 ComplexFlag=0 reader=1
KondoChain_Stot1_cmp	segment	segment ChargeRBM_PhysLayer start=12 count=0 ComplexFlag=0 reader=1
KondoChain_Stot1_cmp	segment	segment SpinRBM_PhysLayer start=12 count=0 ComplexFlag=0 reader=1
KondoChain_Stot1_cmp	segment	segment GeneralRBM_PhysLayer start=12 count=0 ComplexFlag=0 reader=1
KondoChain_Stot1_cmp	segment	segment ChargeRBM_HiddenLayer start=12 count=0 ComplexFlag=0 reader=1
KondoChain_Stot1_cmp	segment	segment SpinRBM_HiddenLayer start=12 count=0 ComplexFlag=0 reader=1
KondoChain_Stot1_cmp	segment	segment GeneralRBM_HiddenLayer start=12 count=0 ComplexFlag=0 reader=1
KondoChain_Stot1_cmp	segment	segment ChargeRBM_PhysHidden start=12 count=0 ComplexFlag=0 reader=1
KondoChain_Stot1_cmp	segment	segment SpinRBM_PhysHidden start=12 count=0 ComplexFlag=0 reader=1
KondoChain_Stot1_cmp	segment	segment GeneralRBM_PhysHidden start=12 count=0 ComplexFlag=0 reader=1
KondoChain_Stot1_cmp	segment	segment OrbitalAP start=12 count=64 ComplexFlag=1 reader=1
KondoChain_Stot1_cmp	segment	segment OrbitalParallel start=76 count=0 ComplexFlag=1 reader=2
GeneralRBM_cmp	header	seed=12395 AllComplexFlag=1
GeneralRBM_cmp	dims	NPara=102 NProj=6 NRBM=86 FlagRBM=1 NSlater=10 NOptTrans=0 NQPOptTrans=1 NProjBF=0 APCount=10 ParallelHeaderCount=0 OrbitalGeneral=0
GeneralRBM_cmp	segment	segment Gutz start=0 count=1 ComplexFlag=0 reader=1
GeneralRBM_cmp	segment	segment Jast start=1 count=5 ComplexFlag=0 reader=1
GeneralRBM_cmp	segment	segment ChargeRBM_PhysLayer start=6 count=0 ComplexFlag=0 reader=1
GeneralRBM_cmp	segment	segment SpinRBM_PhysLayer start=6 count=0 ComplexFlag=0 reader=1
GeneralRBM_cmp	segment	segment GeneralRBM_PhysLayer start=6 count=2 ComplexFlag=1 reader=1
GeneralRBM_cmp	segment	segment ChargeRBM_HiddenLayer start=8 count=0 ComplexFlag=0 reader=1
GeneralRBM_cmp	segment	segment SpinRBM_HiddenLayer start=8 count=0 ComplexFlag=0 reader=1
GeneralRBM_cmp	segment	segment GeneralRBM_HiddenLayer start=8 count=4 ComplexFlag=1 reader=1
GeneralRBM_cmp	segment	segment ChargeRBM_PhysHidden start=12 count=0 ComplexFlag=0 reader=1
GeneralRBM_cmp	segment	segment SpinRBM_PhysHidden start=12 count=0 ComplexFlag=0 reader=1
GeneralRBM_cmp	segment	segment GeneralRBM_PhysHidden start=12 count=80 ComplexFlag=1 reader=1
GeneralRBM_cmp	segment	segment OrbitalAP start=92 count=10 ComplexFlag=1 reader=1
GeneralRBM_cmp	segment	segment OrbitalParallel start=102 count=0 ComplexFlag=1 reader=2
HeisenbergChain_fsz	header	seed=1 AllComplexFlag=2
HeisenbergChain_fsz	dims	NPara=24 NProj=2 NRBM=0 FlagRBM=0 NSlater=22 NOptTrans=0 NQPOptTrans=1 NProjBF=0 APCount=12 ParallelHeaderCount=5 OrbitalGeneral=1
HeisenbergChain_fsz	segment	segment Gutz start=0 count=1 ComplexFlag=0 reader=1
HeisenbergChain_fsz	segment	segment Jast start=1 count=1 ComplexFlag=0 reader=1
HeisenbergChain_fsz	segment	segment ChargeRBM_PhysLayer start=2 count=0 ComplexFlag=0 reader=1
HeisenbergChain_fsz	segment	segment SpinRBM_PhysLayer start=2 count=0 ComplexFlag=0 reader=1
HeisenbergChain_fsz	segment	segment GeneralRBM_PhysLayer start=2 count=0 ComplexFlag=0 reader=1
HeisenbergChain_fsz	segment	segment ChargeRBM_HiddenLayer start=2 count=0 ComplexFlag=0 reader=1
HeisenbergChain_fsz	segment	segment SpinRBM_HiddenLayer start=2 count=0 ComplexFlag=0 reader=1
HeisenbergChain_fsz	segment	segment GeneralRBM_HiddenLayer start=2 count=0 ComplexFlag=0 reader=1
HeisenbergChain_fsz	segment	segment ChargeRBM_PhysHidden start=2 count=0 ComplexFlag=0 reader=1
HeisenbergChain_fsz	segment	segment SpinRBM_PhysHidden start=2 count=0 ComplexFlag=0 reader=1
HeisenbergChain_fsz	segment	segment GeneralRBM_PhysHidden start=2 count=0 ComplexFlag=0 reader=1
HeisenbergChain_fsz	segment	segment OrbitalAP start=2 count=12 ComplexFlag=1 reader=1
HeisenbergChain_fsz	segment	segment OrbitalParallel start=14 count=10 ComplexFlag=1 reader=2
HubbardChain_fsz	header	seed=1 AllComplexFlag=2
HubbardChain_fsz	dims	NPara=87 NProj=21 NRBM=0 FlagRBM=0 NSlater=66 NOptTrans=0 NQPOptTrans=1 NProjBF=0 APCount=36 ParallelHeaderCount=15 OrbitalGeneral=1
HubbardChain_fsz	segment	segment Gutz start=0 count=6 ComplexFlag=0 reader=1
HubbardChain_fsz	segment	segment Jast start=6 count=15 ComplexFlag=0 reader=1
HubbardChain_fsz	segment	segment ChargeRBM_PhysLayer start=21 count=0 ComplexFlag=0 reader=1
HubbardChain_fsz	segment	segment SpinRBM_PhysLayer start=21 count=0 ComplexFlag=0 reader=1
HubbardChain_fsz	segment	segment GeneralRBM_PhysLayer start=21 count=0 ComplexFlag=0 reader=1
HubbardChain_fsz	segment	segment ChargeRBM_HiddenLayer start=21 count=0 ComplexFlag=0 reader=1
HubbardChain_fsz	segment	segment SpinRBM_HiddenLayer start=21 count=0 ComplexFlag=0 reader=1
HubbardChain_fsz	segment	segment GeneralRBM_HiddenLayer start=21 count=0 ComplexFlag=0 reader=1
HubbardChain_fsz	segment	segment ChargeRBM_PhysHidden start=21 count=0 ComplexFlag=0 reader=1
HubbardChain_fsz	segment	segment SpinRBM_PhysHidden start=21 count=0 ComplexFlag=0 reader=1
HubbardChain_fsz	segment	segment GeneralRBM_PhysHidden start=21 count=0 ComplexFlag=0 reader=1
HubbardChain_fsz	segment	segment OrbitalAP start=21 count=36 ComplexFlag=1 reader=1
HubbardChain_fsz	segment	segment OrbitalParallel start=57 count=30 ComplexFlag=1 reader=2
KondoChain_fsz	header	seed=1 AllComplexFlag=2
KondoChain_fsz	dims	NPara=132 NProj=12 NRBM=0 FlagRBM=0 NSlater=120 NOptTrans=0 NQPOptTrans=1 NProjBF=0 APCount=64 ParallelHeaderCount=28 OrbitalGeneral=1
KondoChain_fsz	segment	segment Gutz start=0 count=5 ComplexFlag=0 reader=1
KondoChain_fsz	segment	segment Jast start=5 count=7 ComplexFlag=0 reader=1
KondoChain_fsz	segment	segment ChargeRBM_PhysLayer start=12 count=0 ComplexFlag=0 reader=1
KondoChain_fsz	segment	segment SpinRBM_PhysLayer start=12 count=0 ComplexFlag=0 reader=1
KondoChain_fsz	segment	segment GeneralRBM_PhysLayer start=12 count=0 ComplexFlag=0 reader=1
KondoChain_fsz	segment	segment ChargeRBM_HiddenLayer start=12 count=0 ComplexFlag=0 reader=1
KondoChain_fsz	segment	segment SpinRBM_HiddenLayer start=12 count=0 ComplexFlag=0 reader=1
KondoChain_fsz	segment	segment GeneralRBM_HiddenLayer start=12 count=0 ComplexFlag=0 reader=1
KondoChain_fsz	segment	segment ChargeRBM_PhysHidden start=12 count=0 ComplexFlag=0 reader=1
KondoChain_fsz	segment	segment SpinRBM_PhysHidden start=12 count=0 ComplexFlag=0 reader=1
KondoChain_fsz	segment	segment GeneralRBM_PhysHidden start=12 count=0 ComplexFlag=0 reader=1
KondoChain_fsz	segment	segment OrbitalAP start=12 count=64 ComplexFlag=1 reader=1
KondoChain_fsz	segment	segment OrbitalParallel start=76 count=56 ComplexFlag=1 reader=2
