variant,run,implementation,model,rep,steps,seconds,final_energy_per_site
old,1,rust,hubbard_chain_L16,1,100,3.370000000,-0.5380757855141879
old,1,rust,hubbard_chain_L16,2,100,3.800000000,-0.5380757855141879
old,1,rust,hubbard_chain_L16,3,100,3.380000000,-0.5380757855141879
old,1,julia,hubbard_chain_L16,1,100,3.846341359,-0.5380757855141879
old,1,julia,hubbard_chain_L16,2,100,3.863205051,-0.5380757855141879
old,1,julia,hubbard_chain_L16,3,100,3.903969709,-0.5380757855141879
old,1,rust,hubbard_chain_L24,1,100,7.090000000,-0.5567616291256655
old,1,rust,hubbard_chain_L24,2,100,7.110000000,-0.5567616291256655
old,1,rust,hubbard_chain_L24,3,100,7.080000000,-0.5567616291256655
old,1,julia,hubbard_chain_L24,1,100,7.877834473,-0.5567616291256655
old,1,julia,hubbard_chain_L24,2,100,7.674994575,-0.5567616291256655
old,1,julia,hubbard_chain_L24,3,100,7.940851190,-0.5567616291256655
old,1,rust,hubbard_chain_L32,1,100,14.350000000,-0.5008156098322181
old,1,rust,hubbard_chain_L32,2,100,13.810000000,-0.5008156098322181
old,1,rust,hubbard_chain_L32,3,100,12.860000000,-0.5008156098322181
old,1,julia,hubbard_chain_L32,1,100,17.810498961,-0.5008156098322181
old,1,julia,hubbard_chain_L32,2,100,20.917029860,-0.5008156098322181
old,1,julia,hubbard_chain_L32,3,100,14.890981366,-0.5008156098322181
old,2,rust,hubbard_chain_L16,1,100,3.240000000,-0.5380757855141879
old,2,rust,hubbard_chain_L16,2,100,3.230000000,-0.5380757855141879
old,2,rust,hubbard_chain_L16,3,100,3.210000000,-0.5380757855141879
old,2,julia,hubbard_chain_L16,1,100,3.912188427,-0.5380757855141879
old,2,julia,hubbard_chain_L16,2,100,4.055473147,-0.5380757855141879
old,2,julia,hubbard_chain_L16,3,100,3.924882728,-0.5380757855141879
old,2,rust,hubbard_chain_L24,1,100,7.380000000,-0.5567616291256655
old,2,rust,hubbard_chain_L24,2,100,7.100000000,-0.5567616291256655
old,2,rust,hubbard_chain_L24,3,100,7.120000000,-0.5567616291256655
old,2,julia,hubbard_chain_L24,1,100,8.183259272,-0.5567616291256655
old,2,julia,hubbard_chain_L24,2,100,7.828778903,-0.5567616291256655
old,2,julia,hubbard_chain_L24,3,100,8.224921557,-0.5567616291256655
old,2,rust,hubbard_chain_L32,1,100,17.330000000,-0.5008156098322181
old,2,rust,hubbard_chain_L32,2,100,21.600000000,-0.5008156098322181
old,2,rust,hubbard_chain_L32,3,100,22.750000000,-0.5008156098322181
old,2,julia,hubbard_chain_L32,1,100,20.653537770,-0.5008156098322181
old,2,julia,hubbard_chain_L32,2,100,16.247866979,-0.5008156098322181
old,2,julia,hubbard_chain_L32,3,100,14.408529393,-0.5008156098322181
new,1,rust,hubbard_chain_L16,1,100,3.000000000,-0.5380757855141879
new,1,rust,hubbard_chain_L16,2,100,3.050000000,-0.5380757855141879
new,1,rust,hubbard_chain_L16,3,100,2.900000000,-0.5380757855141879
new,1,julia,hubbard_chain_L16,1,100,3.940164645,-0.5380757855141879
new,1,julia,hubbard_chain_L16,2,100,4.643722786,-0.5380757855141879
new,1,julia,hubbard_chain_L16,3,100,4.942075129,-0.5380757855141879
new,1,rust,hubbard_chain_L24,1,100,9.960000000,-0.5567616291256655
new,1,rust,hubbard_chain_L24,2,100,10.200000000,-0.5567616291256655
new,1,rust,hubbard_chain_L24,3,100,9.270000000,-0.5567616291256655
new,1,julia,hubbard_chain_L24,1,100,8.327350848,-0.5567616291256655
new,1,julia,hubbard_chain_L24,2,100,9.502521663,-0.5567616291256655
new,1,julia,hubbard_chain_L24,3,100,14.476395197,-0.5567616291256655
new,1,rust,hubbard_chain_L32,1,100,18.620000000,-0.5008156098322181
new,1,rust,hubbard_chain_L32,2,100,12.730000000,-0.5008156098322181
new,1,rust,hubbard_chain_L32,3,100,13.570000000,-0.5008156098322181
new,1,julia,hubbard_chain_L32,1,100,13.948107268,-0.5008156098322181
new,1,julia,hubbard_chain_L32,2,100,13.853696704,-0.5008156098322181
new,1,julia,hubbard_chain_L32,3,100,14.193527641,-0.5008156098322181
new,2,rust,hubbard_chain_L16,1,100,2.690000000,-0.5380757855141879
new,2,rust,hubbard_chain_L16,2,100,2.670000000,-0.5380757855141879
new,2,rust,hubbard_chain_L16,3,100,2.680000000,-0.5380757855141879
new,2,julia,hubbard_chain_L16,1,100,3.801995466,-0.5380757855141879
new,2,julia,hubbard_chain_L16,2,100,3.801056667,-0.5380757855141879
new,2,julia,hubbard_chain_L16,3,100,3.823461672,-0.5380757855141879
new,2,rust,hubbard_chain_L24,1,100,5.850000000,-0.5567616291256655
new,2,rust,hubbard_chain_L24,2,100,5.830000000,-0.5567616291256655
new,2,rust,hubbard_chain_L24,3,100,5.800000000,-0.5567616291256655
new,2,julia,hubbard_chain_L24,1,100,8.034512590,-0.5567616291256655
new,2,julia,hubbard_chain_L24,2,100,8.100857990,-0.5567616291256655
new,2,julia,hubbard_chain_L24,3,100,8.273634857,-0.5567616291256655
new,2,rust,hubbard_chain_L32,1,100,10.790000000,-0.5008156098322181
new,2,rust,hubbard_chain_L32,2,100,10.300000000,-0.5008156098322181
new,2,rust,hubbard_chain_L32,3,100,11.090000000,-0.5008156098322181
new,2,julia,hubbard_chain_L32,1,100,14.717218220,-0.5008156098322181
new,2,julia,hubbard_chain_L32,2,100,14.117324903,-0.5008156098322181
new,2,julia,hubbard_chain_L32,3,100,14.218318617,-0.5008156098322181
