step,n,samples,npara_active,cpu1_s,cpuN_s,gpu_e2e_s,gpu_resident_s,gpu_upload_store_s,gpu_gram_s,gpu_assemble_s,gpu_solve_s,gpu_vec_down_s
direct,1000,1000,999,0.06041,0.02909,0.02117,0.01967,0.00147,0.01071,0.00008,0.00881,0.00003
cg50,1000,1000,999,0.03116,0.01369,0.01223,0.01025,0.00193,-,-,0.01008,0.00002
direct,1000,10000,999,0.40323,0.07395,0.12003,0.10805,0.01191,0.09955,0.00009,0.00832,0.00004
cg50,1000,10000,999,0.85596,0.29217,0.04271,0.03084,0.01188,-,-,0.03051,0.00001
direct,3000,3000,2999,1.38390,0.45173,0.25382,0.24248,0.01135,0.16509,0.00067,0.07659,0.00004
cg50,3000,3000,2999,0.75989,0.24659,0.04327,0.02891,0.01121,-,-,0.02877,0.00001
direct,3000,10000,2999,3.26971,0.70946,0.65765,0.62571,0.03191,0.54839,0.00066,0.07659,0.00004
cg50,3000,10000,2999,2.49810,0.93908,0.11531,0.08352,0.03183,-,-,0.08340,0.00002
direct,5000,5000,4999,5.02002,1.15565,1.06321,1.03765,0.02556,0.74123,0.00205,0.29425,0.00004
cg50,5000,5000,4999,1.97293,0.71482,0.09445,0.06921,0.02543,-,-,0.06890,0.00002
direct,10000,1000,9999,13.02995,4.16370,2.66730,2.65643,0.01086,0.56405,0.01728,2.07494,0.00006
cg50,10000,1000,9999,0.72874,0.20001,0.04930,0.03373,0.01556,-,-,0.03343,0.00004
direct,10000,10000,9999,34.40450,9.00049,7.81544,7.70976,0.10568,5.60923,0.01715,2.08318,0.00006
cg50,10000,10000,9999,8.47577,2.75381,0.38175,0.27459,0.10716,-,-,0.27439,0.00003
